distance,point,width0p5,width1
0.00000000000000000e+00,1.00000000000000000e+00,7.86938680574733151e-01,6.32120558828557666e-01
1.33333333333333342e-02,9.86755161807195691e-01,7.76515805082861887e-01,6.23748224308528387e-01
2.66666666666666684e-02,9.73685749353145003e-01,7.66230978890384273e-01,6.15486780004512957e-01
4.00000000000000008e-02,9.60789439152323177e-01,7.56082373556667076e-01,6.07334757193543018e-01
5.33333333333333368e-02,9.48063938493395542e-01,7.46068184858477701e-01,5.99290706605648538e-01
6.66666666666666657e-02,9.35506985031617777e-01,7.36186632469227886e-01,5.91353198166205352e-01
8.00000000000000017e-02,9.23116346386635755e-01,7.26435959642467433e-01,5.83520820741696644e-01
9.33333333333333376e-02,9.10889819745612117e-01,7.16814432899568477e-01,5.75792181888840515e-01
1.06666666666666674e-01,8.98825231471608865e-01,7.07320341721547008e-01,5.68165907607041110e-01
1.20000000000000009e-01,8.86920436717157479e-01,6.97951998244966010e-01,5.60640642094118014e-01
1.33333333333333331e-01,8.75173319042947484e-01,6.88707736961867045e-01,5.53215047505271507e-01
1.46666666666666667e-01,8.63581790041564101e-01,6.79585914423674664e-01,5.45887803715239706e-01
1.60000000000000003e-01,8.52143788966211346e-01,6.70584908949024228e-01,5.38657608083606076e-01
1.73333333333333339e-01,8.40857282364350644e-01,6.61703120335457973e-01,5.31523175223215683e-01
1.86666666666666675e-01,8.29720263716193784e-01,6.52938969574941130e-01,5.24483236771658645e-01
2.00000000000000011e-01,8.18730753077981821e-01,6.44290898573144699e-01,5.17536541165779740e-01
2.13333333333333347e-01,8.07886796729991197e-01,6.35757369872446909e-01,5.10681853419175380e-01
2.26666666666666683e-01,7.97186466829199469e-01,6.27336866378603530e-01,5.03917954902637022e-01
2.40000000000000019e-01,7.86627861066553358e-01,6.19027891091037952e-01,4.97243643127502744e-01
2.53333333333333355e-01,7.76209102328775158e-01,6.10828966836704401e-01,4.90657731531878472e-01
2.66666666666666663e-01,7.65928338364648686e-01,6.02738636007474349e-01,4.84159049269690334e-01
2.80000000000000027e-01,7.55783741455725466e-01,5.94755460301003902e-01,4.77746441002531330e-01
2.93333333333333335e-01,7.45773508091392201e-01,5.86878020465030237e-01,4.71418766694264690e-01
3.06666666666666698e-01,7.35895858648241585e-01,5.79104916045057538e-01,4.65174901408347774e-01
3.20000000000000007e-01,7.26149037073690939e-01,5.71434765135383382e-01,4.59013735107840548e-01
3.33333333333333370e-01,7.16531310573789271e-01,5.63866204133422033e-01,4.52934172458062501e-01
3.46666666666666679e-01,7.07040969305161360e-01,5.56397887497284027e-01,4.46935132631863685e-01
3.60000000000000042e-01,6.97676326071031028e-01,5.49028487506564411e-01,4.41015549117475147e-01
3.73333333333333350e-01,6.88435716021270072e-01,5.41756694026300001e-01,4.35174369528903482e-01
3.86666666666666714e-01,6.79317496356421024e-01,5.34581214274053029e-01,4.29410555418837547e-01
4.00000000000000022e-01,6.70320046035639328e-01,5.27500772590080436e-01,4.23723082094032810e-01
4.13333333333333386e-01,6.61441765488504085e-01,5.20514110210545500e-01,4.18110938433141011e-01
4.26666666666666694e-01,6.52681076330646093e-01,5.13619985043735294e-01,4.12573126706952509e-01
4.40000000000000002e-01,6.44036421083141297e-01,5.06817171449240433e-01,4.07108662401019561e-01
4.53333333333333366e-01,6.35506262895622398e-01,5.00104460020060593e-01,4.01716574040629104e-01
4.66666666666666674e-01,6.27089085273056068e-01,4.93480657367595055e-01,3.96395903018093243e-01
4.80000000000000038e-01,6.18783391806140837e-01,4.86944585909482641e-01,3.91145703422328073e-01
4.93333333333333346e-01,6.10587705905273892e-01,4.80495083660249456e-01,3.85965041870688752e-01
5.06666666666666710e-01,6.02500570538042957e-01,4.74131004024731462e-01,3.80852997343032518e-01
5.20000000000000018e-01,5.94520547970194269e-01,4.67851215594232039e-01,3.75808661017979551e-01
5.33333333333333326e-01,5.86646219510031819e-01,4.61654601945379717e-01,3.70831136111341997e-01
5.46666666666666745e-01,5.78876185256200992e-01,4.55540061441649602e-01,3.65919537716693444e-01
5.60000000000000053e-01,5.71209063848814869e-01,4.49506507037514880e-01,3.61072992648050151e-01
5.73333333333333361e-01,5.63643492223874110e-01,4.43552866085190345e-01,3.56290639284635113e-01
5.86666666666666670e-01,5.56178125370941800e-01,4.37678080143937442e-01,3.51571627417699317e-01
6.00000000000000089e-01,5.48811636094026389e-01,4.31881104791893733e-01,3.46915118099370978e-01
6.13333333333333397e-01,5.41542714775632872e-01,4.26160909440395586e-01,3.42320283493507238e-01
6.26666666666666705e-01,5.34370069143937587e-01,4.20516477150759183e-01,3.37786306728520835e-01
6.40000000000000013e-01,5.27292424043048547e-01,4.14946804453489304e-01,3.33312381752156661e-01
6.53333333333333321e-01,5.20308521206306884e-01,4.09450901169881698e-01,3.28897713188191165e-01
6.66666666666666741e-01,5.13417119032592018e-01,4.04027790235988671e-01,3.24541516195030189e-01
6.80000000000000049e-01,5.06616992365589547e-01,3.98676507528916702e-01,3.20243016326179575e-01
6.93333333333333357e-01,4.99906932275982208e-01,3.93396101695423939e-01,3.16001449392563805e-01
7.06666666666666665e-01,4.93285745846525681e-01,3.88185633982788048e-01,3.11816061326667671e-01
7.20000000000000084e-01,4.86752255959971625e-01,3.83044178071914876e-01,3.07686108048478402e-01
7.33333333333333393e-01,4.80305301089799352e-01,3.77970819912656630e-01,3.03610855333202589e-01
7.46666666666666701e-01,4.73943735093718788e-01,3.72964657561311919e-01,2.99589578680735436e-01
7.60000000000000009e-01,4.67666427009909236e-01,3.68024801020277736e-01,2.95621563186858727e-01
7.73333333333333428e-01,4.61472260855956051e-01,3.63150372079825146e-01,2.91706103416144891e-01
7.86666666666666736e-01,4.55360135430451340e-01,3.58340504161971163e-01,2.87842503276544592e-01
8.00000000000000044e-01,4.49328964117221563e-01,3.53594342166417941e-01,2.84030075895635004e-01
8.13333333333333353e-01,4.43377674692148616e-01,3.48911042318532705e-01,2.80268143498507427e-01
8.26666666666666772e-01,4.37505209132549255e-01,3.44289772019341023e-01,2.76556037287272016e-01
8.40000000000000080e-01,4.31710523429079673e-01,3.39729709697507376e-01,2.72893097322158995e-01
8.53333333333333388e-01,4.25992587400130684e-01,3.35230044663275550e-01,2.69278672404193786e-01
8.66666666666666696e-01,4.20350384508681896e-01,3.30789976964343868e-01,2.65712119959427062e-01
8.80000000000000004e-01,4.14782911681581379e-01,3.26408717243649726e-01,2.62192805924697514e-01
8.93333333333333424e-01,4.09289179131218539e-01,3.22085486599036741e-01,2.58720104634907522e-01
9.06666666666666732e-01,4.03868210179559872e-01,3.17819516444781847e-01,2.55293398711792741e-01
9.20000000000000040e-01,3.98519041084514136e-01,3.13610048374955430e-01,2.51912078954164009e-01
9.33333333333333348e-01,3.93240720868598237e-01,3.09456334028591629e-01,2.48575544229603179e-01
9.46666666666666767e-01,3.88032311149871911e-01,3.05357634956644530e-01,2.45283201367593795e-01
9.60000000000000075e-01,3.82892885975112007e-01,3.01313222490706412e-01,2.42034465054067005e-01
9.73333333333333384e-01,3.77821531655195775e-01,2.97322377613464528e-01,2.38828757727343938e-01
9.86666666666666692e-01,3.72817346602665245e-01,2.93384390830874364e-01,2.35665509475456836e-01
1.00000000000000000e+00,3.67879441171442334e-01,2.89498562046024976e-01,2.32544157934829632e-01
1.01333333333333342e+00,3.63006937498667248e-01,2.85664200434675830e-01,2.29464148190300837e-01
1.02666666666666684e+00,3.58198969348631990e-01,2.81880624322441764e-01,2.26424932676470653e-01
1.04000000000000004e+00,3.53454681958780159e-01,2.78147161063604376e-01,2.23425971080354224e-01
1.05333333333333345e+00,3.48773231887746948e-01,2.74463146921529011e-01,2.20466730245324732e-01
1.06666666666666665e+00,3.44153786865412370e-01,2.70827926950665543e-01,2.17546684076328795e-01
1.08000000000000007e+00,3.39595525644939111e-01,2.67240854880111345e-01,2.14665313446356698e-01
1.09333333333333349e+00,3.35097637856771546e-01,2.63701292998717529e-01,2.11822106104152058e-01
1.10666666666666669e+00,3.30659323864567756e-01,2.60208612041716303e-01,2.09016556583143609e-01
1.12000000000000011e+00,3.26279794623039465e-01,2.56762191078849566e-01,2.06248166111582726e-01
1.13333333333333330e+00,3.21958271537675922e-01,2.53361417403980327e-01,2.03516442523872215e-01
1.14666666666666672e+00,3.17693986326324451e-01,2.50005686426165052e-01,2.00820900173068362e-01
1.16000000000000014e+00,3.13486180882605270e-01,2.46694401562169513e-01,1.98161059844542742e-01
1.17333333333333334e+00,3.09334107141135017e-01,2.43426974130407925e-01,1.95536448670787205e-01
1.18666666666666676e+00,3.05237026944535084e-01,2.40202823246286723e-01,1.92946600047347039e-01
1.20000000000000018e+00,3.01194211912202026e-01,2.37021375718934835e-01,1.90391053549868156e-01
1.21333333333333337e+00,2.97204943310815761e-01,2.33882065949301721e-01,1.87869354852242654e-01
1.22666666666666679e+00,2.93268511926562392e-01,2.30784335829604392e-01,1.85381055645838150e-01
1.23999999999999999e+00,2.89384217939050614e-01,2.27727634644107502e-01,1.82925713559797809e-01
1.25333333333333341e+00,2.85551370796896686e-01,2.24711418971216270e-01,1.80502892082395006e-01
1.26666666666666683e+00,2.81769289094958297e-01,2.21735152586867018e-01,1.78112160483430454e-01
1.28000000000000003e+00,2.78037300453194136e-01,2.18798306369197254e-01,1.75753093737656657e-01
1.29333333333333345e+00,2.74354741397127455e-01,2.15900358204477588e-01,1.73425272449216628e-01
1.30666666666666664e+00,2.70720957239893867e-01,2.13040792894290842e-01,1.71128282777083779e-01
1.32000000000000006e+00,2.67135301965850336e-01,2.10219102063939178e-01,1.68861716361488806e-01
1.33333333333333348e+00,2.63597138115726715e-01,2.07434784072065670e-01,1.66625170251321675e-01
1.34666666666666668e+00,2.60105836673297675e-01,2.04687343921471920e-01,1.64418246832494480e-01
1.36000000000000010e+00,2.56660776953555880e-01,2.01976293171117149e-01,1.62240553757253547e-01
1.37333333333333352e+00,2.53261346492366535e-01,1.99301149849283238e-01,1.60091703874427699e-01
1.38666666666666671e+00,2.49906940937583449e-01,1.96661438367889685e-01,1.57971315160600617e-01
1.40000000000000013e+00,2.46596963941606434e-01,1.94056689437942825e-01,1.55879010652193950e-01
1.41333333333333333e+00,2.43330827055363103e-01,1.91486439986106011e-01,1.53814418378451251e-01
1.42666666666666675e+00,2.40107949623693556e-01,1.88950233072373908e-01,1.51777171295308350e-01
1.44000000000000017e+00,2.36927758682121709e-01,1.86447617808837646e-01,1.49766907220140438e-01
1.45333333333333337e+00,2.33789688854993266e-01,1.83978149279525799e-01,1.47783268767372966e-01
1.46666666666666679e+00,2.30693182254962798e-01,1.81541388461306880e-01,1.45825903284945380e-01
1.48000000000000020e+00,2.27637688383812681e-01,1.79136902145839799e-01,1.43894462791616745e-01
1.49333333333333340e+00,2.24622664034585112e-01,1.76764262862557975e-01,1.41988603915101291e-01
1.50666666666666682e+00,2.21647573195010383e-01,1.74423048802673064e-01,1.40107987831023600e-01
1.52000000000000002e+00,2.18711886952214746e-01,1.72112843744186061e-01,1.38252280202682321e-01
1.53333333333333344e+00,2.15815083398689739e-01,1.69833236977890906e-01,1.36421151121611545e-01
1.54666666666666686e+00,2.12956647539507521e-01,1.67583823234358553e-01,1.34614275048929671e-01
1.56000000000000005e+00,2.10136071200764718e-01,1.65364202611887973e-01,1.32831330757464977e-01
1.57333333333333347e+00,2.07352852939238969e-01,1.63173980505411403e-01,1.31072001274647465e-01
1.58666666666666667e+00,2.04606497953242455e-01,1.61012767536341445e-01,1.29335973826157774e-01
1.60000000000000009e+00,2.01896517994655383e-01,1.58880179483346984e-01,1.27622939780321520e-01
1.61333333333333351e+00,1.99222431282125551e-01,1.56775837214046337e-01,1.25932594593241132e-01
1.62666666666666671e+00,1.96583762415416752e-01,1.54699366617604889e-01,1.24264637754653642e-01
1.64000000000000012e+00,1.93980042290891885e-01,1.52650398538225401e-01,1.22618772734505832e-01
1.65333333333333354e+00,1.91410808018115663e-01,1.50628568709519489e-01,1.20994706930237034e-01
1.66666666666666674e+00,1.88875602837561829e-01,1.48633517689748224e-01,1.19392151614760300e-01
1.68000000000000016e+00,1.86373976039409944e-01,1.46664890797920194e-01,1.17810821885132033e-01
1.69333333333333336e+00,1.83905482883418403e-01,1.44722338050736449e-01,1.16250436611902194e-01
1.70666666666666678e+00,1.81469684519857954e-01,1.42805514100370096e-01,1.14710718389134672e-01
1.72000000000000020e+00,1.79066147911493195e-01,1.40914078173070473e-01,1.13191393485090247e-01
1.73333333333333339e+00,1.76694445756596735e-01,1.39047694008579997e-01,1.11692191793562198e-01
1.74666666666666681e+00,1.74354156412983352e-01,1.37206029800353763e-01,1.10212846785856786e-01
1.76000000000000001e+00,1.72044863823050537e-01,1.35388758136571030e-01,1.08753095463409805e-01
1.77333333333333343e+00,1.69766157439811161e-01,1.33595555941927402e-01,1.07312678311030335e-01
1.78666666666666685e+00,1.67517632153906720e-01,1.31826104420198847e-01,1.05891339250764271e-01
1.80000000000000004e+00,1.65298888221586532e-01,1.30080088997565596e-01,1.04488825596368573e-01
1.81333333333333346e+00,1.63109531193641161e-01,1.28357199266687261e-01,1.03104888008388504e-01
1.82666666666666688e+00,1.60949171845277211e-01,1.26657128931518426e-01,1.01739280449830188e-01
1.84000000000000008e+00,1.58817426106920678e-01,1.24979575752855343e-01,1.00391760142419864e-01
1.85333333333333350e+00,1.56713914995936843e-01,1.23324241494603429e-01,9.90620875234426851e-02
1.86666666666666670e+00,1.54638264549254806e-01,1.21690831870757105e-01,9.77500262031532896e-02
1.88000000000000012e+00,1.52590105756883837e-01,1.20079056493081163e-01,9.64553429227501258e-02
1.89333333333333353e+00,1.50569074496311017e-01,1.18488628819485700e-01,9.51778075129068452e-02
1.90666666666666673e+00,1.48574811467767104e-01,1.16919266103084382e-01,9.39171928528525352e-02
1.92000000000000015e+00,1.46606962130350127e-01,1.15370689341927596e-01,9.26732748299941150e-02
1.93333333333333335e+00,1.44665176638995058e-01,1.13842623229401474e-01,9.14458323000735679e-02
1.94666666666666677e+00,1.42749109782278116e-01,1.12334796105283671e-01,9.02346470478527646e-02
1.96000000000000019e+00,1.40858420921044974e-01,1.10846939907447525e-01,8.90395037483191487e-02
1.97333333333333338e+00,1.38992773927851837e-01,1.09378790124205899e-01,8.78601899284050802e-02
1.98666666666666680e+00,1.37151837127208381e-01,1.07930085747286061e-01,8.66964959292142873e-02
2.00000000000000000e+00,1.35335283236612702e-01,1.06500569225427805e-01,8.55482148687487509e-02
2.01333333333333364e+00,1.33542789308366383e-01,1.05089986418595419e-01,8.44151426051288900e-02
2.02666666666666684e+00,1.31774036672161338e-01,1.03698086552797136e-01,8.32970777003014806e-02
2.04000000000000004e+00,1.30028710878425907e-01,1.02324622175501936e-01,8.21938213842275389e-02
2.05333333333333368e+00,1.28306501642422188e-01,1.00969349111647552e-01,8.11051775195451713e-02
2.06666666666666687e+00,1.26607102789083548e-01,9.96320264202310291e-02,8.00309525667001337e-02
2.08000000000000007e+00,1.24930212198582413e-01,9.83124163514738775e-02,7.89709555495382021e-02
2.09333333333333327e+00,1.23275531752619502e-01,9.70102843045550084e-02,7.79249980213534421e-02
2.10666666666666691e+00,1.21642767281424119e-01,9.57253987859032207e-02,7.68928940313860082e-02
2.12000000000000011e+00,1.20031628511456726e-01,9.44575313680422746e-02,7.58744600917638651e-02
2.13333333333333330e+00,1.18441829013803693e-01,9.32064566489808205e-02,7.48695151448820623e-02
2.14666666666666694e+00,1.16873086153256048e-01,9.19719522121404259e-02,7.38778805312143710e-02
2.16000000000000014e+00,1.15325121038062514e-01,9.07537985868143160e-02,7.28993799575511220e-02
2.17333333333333334e+00,1.13797658470347812e-01,8.95517792091496123e-02,7.19338394656576091e-02
2.18666666666666698e+00,1.12290426897188017e-01,8.83656803836466581e-02,7.09810874013477866e-02
2.20000000000000018e+00,1.10803158362333870e-01,8.71952912451682272e-02,7.00409543839676518e-02
2.21333333333333337e+00,1.09335588458573094e-01,8.60404037214515388e-02,6.91132732762824303e-02
2.22666666666666702e+00,1.07887456280724228e-01,8.49008124961173338e-02,6.81978791547629831e-02
2.24000000000000021e+00,1.06458504379252805e-01,8.37763149721686556e-02,6.72946092802657325e-02
2.25333333333333341e+00,1.05048478714501667e-01,8.26667112359728840e-02,6.64033030691006387e-02
2.26666666666666661e+00,1.03657128611527857e-01,8.15718040217211504e-02,6.55238020644826613e-02
2.28000000000000025e+00,1.02284206715537437e-01,8.04913986763582945e-02,6.46559499083612377e-02
2.29333333333333345e+00,1.00929468947910814e-01,7.94253031249774338e-02,6.37995923136229354e-02
2.30666666666666664e+00,9.95926744628100880e-02,7.83733278366726960e-02,6.29545770366621432e-02
2.32000000000000028e+00,9.82735856043615019e-02,7.73352857908443242e-02,6.21207538503150900e-02
2.33333333333333348e+00,9.69719678644050537e-02,7.63109924439503429e-02,6.12979745171526591e-02
2.34666666666666668e+00,9.56875898408031944e-02,7.53002656966979128e-02,6.04860927631263312e-02
2.36000000000000032e+00,9.44202231963023053e-02,7.43029258616699495e-02,5.96849642515637560e-02
2.37333333333333352e+00,9.31696426179388359e-02,7.33187956313802180e-02,5.88944465575085008e-02
2.38666666666666671e+00,9.19356257769828461e-02,7.23477000467513121e-02,5.81143991423995476e-02
2.40000000000000036e+00,9.07179532894124702e-02,7.13894664660105205e-02,5.73446833290864044e-02
2.41333333333333355e+00,8.95164086769118378e-02,7.04439245339976011e-02,5.65851622771750620e-02
2.42666666666666675e+00,8.83307783283852066e-02,6.95109061518786875e-02,5.58357009587003086e-02
2.43999999999999995e+00,8.71608514619812980e-02,6.85902454472618606e-02,5.50961661341205222e-02
2.45333333333333359e+00,8.60064200876202861e-02,6.76817787447081265e-02,5.43664263286302227e-02
2.46666666666666679e+00,8.48672789700174041e-02,6.67853445366332898e-02,5.36463518087864979e-02
2.47999999999999998e+00,8.37432255921959634e-02,6.59007834545949217e-02,5.29358145594448840e-02
2.49333333333333362e+00,8.26340601194837931e-02,6.50279382409597456e-02,5.22346882610007293e-02
2.50666666666666682e+00,8.15395853639867829e-02,6.41666537209465843e-02,5.15428482669322077e-02
2.52000000000000002e+00,8.04596067495324252e-02,6.33167767750389410e-02,5.08601715816404260e-02
2.53333333333333366e+00,7.93939322770781941e-02,6.24781563117636357e-02,5.01865368385833316e-02
2.54666666666666686e+00,7.83423724905778357e-02,6.16506432408295904e-02,4.95218242786990837e-02
2.56000000000000005e+00,7.73047404432997409e-02,6.08340904466225102e-02,4.88659157291152363e-02
2.57333333333333369e+00,7.62808516645914758e-02,6.00283527620505547e-02,4.82186945821398774e-02
2.58666666666666689e+00,7.52705241270846676e-02,5.92332869427366279e-02,4.75800457745311905e-02
2.60000000000000009e+00,7.42735782143338769e-02,5.84487516415521449e-02,4.69498557670413180e-02
2.61333333333333329e+00,7.32898366888844327e-02,5.76746073834883827e-02,4.63280125242313545e-02
2.62666666666666693e+00,7.23191246607630955e-02,5.69107165408605578e-02,4.57144054945536962e-02
2.64000000000000012e+00,7.13612695563860533e-02,5.61569433088403153e-02,4.51089255906980888e-02
2.65333333333333332e+00,7.04161010878786436e-02,5.54131536813122494e-02,4.45114651701980571e-02
2.66666666666666696e+00,6.94834512228015150e-02,5.46792154270502526e-02,4.39219180162941231e-02
2.68000000000000016e+00,6.85631541542779110e-02,5.39549980662094933e-02,4.33401793190506951e-02
2.69333333333333336e+00,6.76550462715162088e-02,5.32403728471294857e-02,4.27661456567227510e-02
2.70666666666666700e+00,6.67589661307232685e-02,5.25352127234446700e-02,4.21997149773695457e-02
2.72000000000000020e+00,6.58747544264029483e-02,5.18393923314980978e-02,4.16407865807118319e-02
2.73333333333333339e+00,6.50022539630345370e-02,5.11527879680541142e-02,4.10892611002292157e-02
2.74666666666666703e+00,6.41413096271265526e-02,5.04752775683064009e-02,4.05450404854947807e-02
2.76000000000000023e+00,6.32917683596407044e-02,4.98067406841773003e-02,4.00080279847437048e-02
2.77333333333333343e+00,6.24534791287808255e-02,4.91470584629044166e-02,3.94781281276725959e-02
2.78666666666666663e+00,6.16262929031424489e-02,4.84961136259109624e-02,3.89552467084667842e-02
2.80000000000000027e+00,6.08100626252179449e-02,4.78537904479559018e-02,3.84392907690523575e-02
2.81333333333333346e+00,6.00046431852526499e-02,4.72199747365603731e-02,3.79301685825701104e-02
2.82666666666666666e+00,5.92098913954470299e-02,4.65945538117063310e-02,3.74277896370681859e-02
2.84000000000000030e+00,5.84256659645008003e-02,4.59774164858043552e-02,3.69320646194108843e-02
2.85333333333333350e+00,5.76518274724941646e-02,4.53684530439267125e-02,3.64429053994006075e-02
2.86666666666666670e+00,5.68882383461015162e-02,4.47675552243020636e-02,3.59602250141098714e-02
2.88000000000000034e+00,5.61347628341337043e-02,4.41746161990687475e-02,3.54839376524211450e-02
2.89333333333333353e+00,5.53912669834041652e-02,4.35895305552828558e-02,3.50139586397712754e-02
2.90666666666666673e+00,5.46576186149145618e-02,4.30121942761778411e-02,3.45502044230979674e-02
2.92000000000000037e+00,5.39336873003559980e-02,4.24425047226723931e-02,3.40925925559857138e-02
2.93333333333333357e+00,5.32193443389214829e-02,4.18803606151232632e-02,3.36410416840084853e-02
2.94666666666666677e+00,5.25144627344253448e-02,4.13256620153196752e-02,3.31954715302664183e-02
2.96000000000000041e+00,5.18189171727258119e-02,4.07783103087162313e-02,3.27558028811141821e-02
2.97333333333333361e+00,5.11325839994467360e-02,4.02382081869013253e-02,3.23219575720784386e-02
2.98666666666666680e+00,5.04553411979941011e-02,3.97052596302974528e-02,3.18938584739615824e-02
3.00000000000000000e+00,4.97870683678639445e-02,3.91793698910908872e-02,3.14714294791297658e-02
3.01333333333333364e+00,4.91276467032374861e-02,3.86604454763873479e-02,3.10545954879824296e-02
3.02666666666666684e+00,4.84769589718598570e-02,3.81483941315908653e-02,3.06432823956011152e-02
3.04000000000000004e+00,4.78348894941983682e-02,3.76431248240026300e-02,3.02374170785749755e-02
3.05333333333333368e+00,4.72013241228770239e-02,3.71445477266371671e-02,2.98369273820009023e-02
3.06666666666666687e+00,4.65761502223834140e-02,3.66525742022529646e-02,2.94417421066558542e-02
3.08000000000000007e+00,4.59592566490442042e-02,3.61671167875943778e-02,2.90517909963389255e-02
3.09333333333333371e+00,4.53505337312660392e-02,3.56880891778424275e-02,2.86670047253812441e-02
3.10666666666666691e+00,4.47498732500381108e-02,3.52154062112715396e-02,2.82873148863212152e-02
3.12000000000000011e+00,4.41571684196928604e-02,3.47489838541093776e-02,2.79126539777429898e-02
3.13333333333333375e+00,4.35723138689216097e-02,3.42887391855973209e-02,2.75429553922760424e-02
3.14666666666666694e+00,4.29952056220416629e-02,3.38345903832488124e-02,2.71781534047537202e-02
3.16000000000000014e+00,4.24257410805113783e-02,3.33864567083028765e-02,2.68181831605285477e-02
3.17333333333333334e+00,4.18638190046902031e-02,3.29442584913703443e-02,2.64629806639423634e-02
3.18666666666666698e+00,4.13093394958402235e-02,3.25079171182702173e-02,2.61124827669491320e-02
3.20000000000000018e+00,4.07622039783662043e-02,3.20773550160536394e-02,2.57666271578885012e-02
3.21333333333333337e+00,4.02223151822906702e-02,3.16524956392128798e-02,2.54253523504079579e-02
3.22666666666666702e+00,3.96895771259612451e-02,3.12332634560730515e-02,2.50885976725317636e-02
3.24000000000000021e+00,3.91638950989870657e-02,3.08195839353641414e-02,2.47563032558747141e-02
3.25333333333333341e+00,3.86451756454010281e-02,3.04113835329706955e-02,2.44284100249986640e-02
3.26666666666666705e+00,3.81333265470451752e-02,3.00085896788571740e-02,2.41048596869100698e-02
3.28000000000000025e+00,3.76282568071761997e-02,2.96111307641664587e-02,2.37855947206966969e-02
3.29333333333333345e+00,3.71298766342878714e-02,2.92189361284891126e-02,2.34705583673014556e-02
3.30666666666666709e+00,3.66380974261479309e-02,2.88319360473013805e-02,2.31596946194317713e-02
3.32000000000000028e+00,3.61528317540464050e-02,2.84500617195695936e-02,2.28529482116026396e-02
3.33333333333333348e+00,3.56739933472523946e-02,2.80732452555186064e-02,2.25502646103114338e-02
3.34666666666666668e+00,3.52014970776768632e-02,2.77014196645623545e-02,2.22515900043429374e-02
3.36000000000000032e+00,3.47352589447385493e-02,2.73345188433942524e-02,2.19568712952027886e-02
3.37333333333333352e+00,3.42751960604303352e-02,2.69724775642353407e-02,2.16660560876776008e-02
3.38666666666666671e+00,3.38212266345832985e-02,2.66152314632380031e-02,2.13790926805200940e-02
3.40000000000000036e+00,3.33732699603260657e-02,2.62627170290433698e-02,2.10959300572576280e-02
3.41333333333333355e+00,3.29312463997367758e-02,2.59148715914902898e-02,2.08165178771225375e-02
3.42666666666666675e+00,3.24950773696848980e-02,2.55716333104737022e-02,2.05408064661024362e-02
3.44000000000000039e+00,3.20646853278607549e-02,2.52329411649507458e-02,2.02687468081091948e-02
3.45333333333333359e+00,3.16399937589900634e-02,2.48987349420924306e-02,2.00002905362648767e-02
3.46666666666666679e+00,3.12209271612309026e-02,2.45689552265788945e-02,1.97353899243029735e-02
3.48000000000000043e+00,3.08074110327510621e-02,2.42435433900365996e-02,1.94739978780836751e-02
3.49333333333333362e+00,3.03993718584830638e-02,2.39224415806153362e-02,1.92160679272214453e-02
3.50666666666666682e+00,2.99967370970545717e-02,2.36055927127032765e-02,1.89615542168234640e-02
3.52000000000000002e+00,2.95994351678919992e-02,2.32929404567782834e-02,1.87104114993375537e-02
3.53333333333333366e+00,2.92073954384948591e-02,2.29844292293936228e-02,1.84625951265080350e-02
3.54666666666666686e+00,2.88205482118787486e-02,2.26800041832963470e-02,1.82180610414381834e-02
3.56000000000000005e+00,2.84388247141845046e-02,2.23796111976764661e-02,1.79767657707577064e-02
3.57333333333333369e+00,2.80621570824515984e-02,2.20831968685453635e-02,1.77386664168940715e-02
3.58666666666666689e+00,2.76904783525534735e-02,2.17907084992416400e-02,1.75037206504461799e-02
3.60000000000000009e+00,2.73237224472925588e-02,2.15020940910626256e-02,1.72718867026589763e-02
3.61333333333333373e+00,2.69618241646530643e-02,2.12173023340200377e-02,1.70431233579978053e-02
3.62666666666666693e+00,2.66047191662093993e-02,2.09362825977181394e-02,1.68173899468211235e-02
3.64000000000000012e+00,2.62523439656879611e-02,2.06589849223525433e-02,1.65946463381501860e-02
3.65333333333333377e+00,2.59046359176805727e-02,2.03853600098283932e-02,1.63748529325345692e-02
3.66666666666666696e+00,2.55615332065073919e-02,2.01153592149961556e-02,1.61579706550121875e-02
3.68000000000000016e+00,2.52229748352272125e-02,1.98489345370033987e-02,1.59439609481624722e-02
3.69333333333333336e+00,2.48889006147934543e-02,1.95860386107612264e-02,1.57327857652516702e-02
3.70666666666666700e+00,2.45592511533537228e-02,1.93266246985236735e-02,1.55244075634688554e-02
3.72000000000000020e+00,2.42339678456911130e-02,1.90706466815786721e-02,1.53187892972515647e-02
3.73333333333333339e+00,2.39129928628053143e-02,1.88180590520490264e-02,1.51158944116998057e-02
3.74666666666666703e+00,2.35962691416317684e-02,1.85688169048019956e-02,1.49156868360773246e-02
3.76000000000000023e+00,2.32837403748969995e-02,1.83228759294660863e-02,1.47181309773989424e-02
3.77333333333333343e+00,2.29753510011082261e-02,1.80801924025534820e-02,1.45231917141027938e-02
3.78666666666666707e+00,2.26710461946756578e-02,1.78407231796868862e-02,1.43308343898064221e-02
3.80000000000000027e+00,2.23707718561655909e-02,1.76044256879293246e-02,1.41410248071455642e-02
3.81333333333333346e+00,2.20744746026825395e-02,1.73712579182154561e-02,1.39537292216944907e-02
3.82666666666666710e+00,2.17821017583788336e-02,1.71411784178832141e-02,1.37689143359669367e-02
3.84000000000000030e+00,2.14936013450899126e-02,1.69141462833043640e-02,1.35865472934964746e-02
3.85333333333333350e+00,2.12089220730935606e-02,1.66901211526125810e-02,1.34065956729952328e-02
3.86666666666666670e+00,2.09280133319916413e-02,1.64690631985279258e-02,1.32290274825900608e-02
3.88000000000000034e+00,2.06508251817125559e-02,1.62509331212763522e-02,1.30538111541349915e-02
3.89333333333333353e+00,2.03773083436328897e-02,1.60356921416029662e-02,1.28809155375990535e-02
3.90666666666666673e+00,2.01074141918165909e-02,1.58233019938778113e-02,1.27103098955283749e-02
3.92000000000000037e+00,1.98410947443702808e-02,1.56137249192930209e-02,1.25419638975816997e-02
3.93333333333333357e+00,1.95783026549129976e-02,1.54069236591500291e-02,1.23758476151382378e-02
3.94666666666666677e+00,1.93189912041589265e-02,1.52028614482357001e-02,1.22119315159769301e-02
3.96000000000000041e+00,1.90631142916116263e-02,1.50015020082861928e-02,1.20501864590262051e-02
3.97333333333333361e+00,1.88106264273682974e-02,1.48028095415374140e-02,1.18905836891832831e-02
3.98666666666666680e+00,1.85614827240325221e-02,1.46067487243608570e-02,1.17330948322020567e-02
4.00000000000000000e+00,1.83156388887341787e-02,1.44132847009837469e-02,1.15776918896487117e-02
