window,response_coefficient,capacity_nu1,capacity_nu0,endpoint_capacity_nu0
1.00000000000000005e-04,5.64170777792480805e-03,1.77251293289747529e-02,1.77245385090551606e-02,3.54490770181103212e-02
1.03912230383516901e-04,5.75099982468525988e-03,1.80685504349156895e-02,1.80679246066333468e-02,3.61358492132666936e-02
1.07977516232770940e-04,5.86240879501980557e-03,1.84186262009737832e-02,1.84179632899445674e-02,3.68359265798891347e-02
1.12201845430196301e-04,5.97597567478964659e-03,1.87754856338410020e-02,1.87747834427649841e-02,3.75495668855299683e-02
1.16591440117983232e-04,6.09174224233515697e-03,1.91392602444206590e-02,1.91385164457987776e-02,3.82770328915975552e-02
1.21152765862858885e-04,6.20975108373655535e-03,1.95100840966331256e-02,1.95092962250523437e-02,3.90185924501046874e-02
1.25892541179416744e-04,6.33004560836477031e-03,1.98880938571844405e-02,1.98872593011456995e-02,3.97745186022913991e-02
1.30817747426019410e-04,6.45267006472777585e-03,2.02734288463171757e-02,2.02725448395791596e-02,4.05450896791583193e-02
1.35935639087852550e-04,6.57766955661777137e-03,2.06662310895639571e-02,2.06652947019739137e-02,4.13305894039478275e-02
1.41253754462275407e-04,6.70509005956469988e-03,2.10666453705240335e-02,2.10656534983052653e-02,4.21313069966105305e-02
1.46779926762206892e-04,6.83497843760164005e-03,2.14748192846839804e-02,2.14737686401478452e-02,4.29475372802956903e-02
1.52522295653901820e-04,6.96738246034769425e-03,2.18909032943040809e-02,2.18897903949523548e-02,4.37795807899047096e-02
1.58489319246111419e-04,7.10235082041410677e-03,2.23150507843923422e-02,2.23138719413738459e-02,4.46277438827476919e-02
1.64689786548286878e-04,7.23993315113940182e-03,2.27474181197886392e-02,2.27461694256718555e-02,4.54923388513437110e-02
1.71132830416178096e-04,7.38018004465947237e-03,2.31881647033821518e-02,2.31868420192033256e-02,4.63736840384066512e-02
1.77827941003892270e-04,7.52314307031852481e-03,2.36374530354854923e-02,2.36360519770292196e-02,4.72721039540584392e-02
1.84784979742229062e-04,7.66887479342699945e-03,2.40954487743897522e-02,2.40939646976566606e-02,4.81879293953133211e-02
1.92014193863880117e-04,7.81742879437259328e-03,2.45623207981251167e-02,2.45607487839384110e-02,4.91214975678768220e-02
1.99526231496887876e-04,7.96885968809059840e-03,2.50382412674523998e-02,2.50365761051522216e-02,5.00731522103044432e-02
2.07332157348595402e-04,8.12322314389991341e-03,2.55233856901112277e-02,2.55216218602829052e-02,5.10432437205658104e-02
2.15443469003188449e-04,8.28057590571107220e-03,2.60179329863516086e-02,2.60160646425303364e-02,5.20321292850606729e-02
2.23872113856833996e-04,8.44097581261281371e-03,2.65220655557756868e-02,2.65200865050671947e-02,5.30401730101343893e-02
2.32630506715362622e-04,8.60448181984376816e-03,2.70359693455179510e-02,2.70338730280708060e-02,5.40677460561416121e-02
2.41731548080410368e-04,8.77115402015584897e-03,2.75598339197919116e-02,2.75576133870534049e-02,5.51152267741068097e-02
2.51188643150957955e-04,8.94105366557614023e-03,2.80938525308327795e-02,2.80915004225163710e-02,5.61830008450327420e-02
2.61015721568253574e-04,9.11424318957404153e-03,2.86382221912659177e-02,2.86357307109538252e-02,5.72714614219076504e-02
2.71227257933202978e-04,9.29078622964062129e-03,2.91931437479316935e-02,2.91905046372318497e-02,5.83810092744636994e-02
2.81838293126445501e-04,9.47074765028702199e-03,2.97588219571982872e-02,2.97560264683698616e-02,5.95120529367397233e-02
2.92864456462523751e-04,9.65419356646909921e-03,3.03354655617947451e-02,3.03325044287515479e-02,6.06650088575030957e-02
3.04321988710772192e-04,9.84119136744529902e-03,3.09232873691970417e-02,3.09201507767927590e-02,6.18403015535855180e-02
3.16227766016837939e-04,1.00318097410749783e-02,3.15225043316014822e-02,3.15191818830947712e-02,6.30383637661895424e-02
3.28599324760065414e-04,1.02261186985644261e-02,3.21333376275199298e-02,3.21298183101116769e-02,6.42596366202233538e-02
3.41454887383360085e-04,1.04241895996678956e-02,3.27560127450328142e-02,3.27522848933611624e-02,6.55045697867223248e-02
3.54813389233575322e-04,1.06260951783510062e-02,3.33907595667363929e-02,3.33868108242086487e-02,6.67736216484172973e-02
3.68694506451957334e-04,1.08319095689239364e-02,3.40378124564221368e-02,3.40336297342552635e-02,6.80672594685105270e-02
3.83118684955728909e-04,1.10417083326519328e-02,3.46974103475266929e-02,3.46929797813606694e-02,6.93859595627213388e-02
3.98107170553497352e-04,1.12555684848505803e-02,3.53697968333922252e-02,3.53651037373324539e-02,7.07302074746649079e-02
4.13682040238850732e-04,1.14735685224735436e-02,3.60552202593780804e-02,3.60502490773144391e-02,7.21004981546288781e-02
4.29866234708227673e-04,1.16957884522002429e-02,3.67539338168655152e-02,3.67486680709066468e-02,7.34973361418132937e-02
4.46683592150963048e-04,1.19223098190312047e-02,3.74661956391987225e-02,3.74606178750506585e-02,7.49212357501013171e-02
4.64158883361277732e-04,1.21532157353987837e-02,3.81922688996063700e-02,3.81863606287144372e-02,7.63727212574288744e-02
4.82317848223930937e-04,1.23885909108008771e-02,3.89324219111494424e-02,3.89261635494115715e-02,7.78523270988231431e-02
5.01187233627272528e-04,1.26285216819653490e-02,3.96869282287421188e-02,3.96802990315903506e-02,7.93605980631807012e-02
5.20794832859546508e-04,1.28730960435530298e-02,4.04560667532940163e-02,4.04490447469291331e-02,8.08980894938582662e-02
5.41169526546463747e-04,1.31224036794067699e-02,4.12401218380235510e-02,4.12326837465745999e-02,8.24653674931491998e-02
5.62341325190349097e-04,1.33765359943544687e-02,4.20393833969933406e-02,4.20315045653608388e-02,8.40630091307216776e-02
5.84341413373517539e-04,1.36355861465736212e-02,4.28541470159206975e-02,4.28458013280475225e-02,8.56916026560950450e-02
6.07202195690988416e-04,1.38996490805251265e-02,4.36847140653171401e-02,4.36758738576161834e-02,8.73517477152323668e-02
6.30957344480192984e-04,1.41688215604639199e-02,4.45313918160131009e-02,4.45220277856646918e-02,8.90440555713293835e-02
6.55641849417978547e-04,1.44432022045340291e-02,4.53944935571253469e-02,4.53845746649403636e-02,9.07691493298807273e-02
6.81292069057961506e-04,1.47228915194555013e-02,4.62743387165266418e-02,4.62638320840533246e-02,9.25276641681066492e-02
7.07945784384138017e-04,1.50079919358106304e-02,4.71712529838789266e-02,4.71601237844120891e-02,9.43202475688241782e-02
7.35642254459641402e-04,1.52986078439368879e-02,4.80855684362933439e-02,4.80737797794248967e-02,9.61475595588497933e-02
7.64422274252600184e-04,1.55948456304335712e-02,4.90176236666824625e-02,4.90051364760100486e-02,9.80102729520200971e-02
7.94328234724281314e-04,1.58968137152894727e-02,4.99677639148718572e-02,4.99545367984605554e-02,9.99090735969211108e-02
8.25404185268018118e-04,1.62046225896383123e-02,5.09363412015411340e-02,5.09223303147084347e-02,1.01844660629416869e-01
8.57695898590894626e-04,1.65183848541488425e-02,5.19237144650659538e-02,5.19088733650351006e-02,1.03817746730070201e-01
8.91250938133745932e-04,1.68382152580560801e-02,5.29302497013355161e-02,5.29145291932753351e-02,1.05829058386550670e-01
9.26118728128793776e-04,1.71642307388401791e-02,5.39563201066226988e-02,5.39396680805633161e-02,1.07879336161126632e-01
9.62350626398088727e-04,1.74965504625589421e-02,5.50023062235858035e-02,5.49846674816695663e-02,1.09969334963339133e-01
1.00000000000000002e-03,1.78352958648399403e-02,5.60685960904845557e-02,5.60499121639792819e-02,1.12099824327958564e-01
1.03912230383516901e-03,1.81805906925378152e-02,5.71555853936954045e-02,5.71357943491631881e-02,1.14271588698326376e-01
1.07977516232770927e-03,1.85325610460620217e-02,5.82636776236142712e-02,5.82427138575930120e-02,1.16485427715186024e-01
1.12201845430196304e-03,1.88913354223799942e-02,5.93932842340378769e-02,5.93710782555548836e-02,1.18742156511109767e-01
1.16591440117983099e-03,1.92570447587002702e-02,6.05448248051183788e-02,6.05213030053145737e-02,1.21042606010629147e-01
1.21152765862858765e-03,1.96298224768397117e-02,6.17187272099893533e-02,6.16938116180903093e-02,1.23387623236180619e-01
1.25892541179416749e-03,2.00098045282785381e-02,6.29154277851645821e-02,6.28890358099888497e-02,1.25778071619977699e-01
1.30817747426019426e-03,2.03971294399063752e-02,6.41353715048149919e-02,6.41074156609629381e-02,1.28214831321925876e-01
1.35935639087852544e-03,2.07919383604620416e-02,6.53790121590336198e-02,6.53493997768480744e-02,1.30698799553696149e-01
1.41253754462275396e-03,2.11943751076691111e-02,6.66468125362012775e-02,6.66154454545386104e-02,1.33230890909077221e-01
1.46779926762207044e-03,2.16045862160687552e-02,6.79392446095714309e-02,6.79060188503638751e-02,1.35812037700727750e-01
1.52522295653901977e-03,2.20227209855506506e-02,6.92567897281964051e-02,6.92215951517262257e-02,1.38443190303452451e-01
1.58489319246111408e-03,2.24489315305821946e-02,7.05999388123222243e-02,7.05626587520645360e-02,1.41125317504129072e-01
1.64689786548286878e-03,2.28833728301349945e-02,7.19691925533843258e-02,7.19297034292071258e-02,1.43859406858414252e-01
1.71132830416178107e-03,2.33262027783074644e-02,7.33650616187412757e-02,7.33232325271801488e-02,1.46646465054360298e-01
1.77827941003892275e-03,2.37775822356407034e-02,7.47880668612901922e-02,7.47437591415381769e-02,1.49487518283076354e-01
1.84784979742229068e-03,2.42376750811245205e-02,7.62387395341120599e-02,7.61918063082852454e-02,1.52383612616570491e-01
1.92014193863880101e-03,2.47066482648889245e-02,7.77176215103021623e-02,7.76679071964561096e-02,1.55335814392912219e-01
1.99526231496887892e-03,2.51846718615754972e-02,7.92252655081470553e-02,7.91726053044283229e-02,1.58345210608856646e-01
2.07332157348595397e-03,2.56719191243818708e-02,8.07622353218158673e-02,8.07064546600375771e-02,1.61412909320075154e-01
2.15443469003188210e-03,2.61685665397711244e-02,8.23291060577414913e-02,8.22700200245700813e-02,1.64540040049140163e-01
2.23872113856833990e-03,2.66747938828365769e-02,8.39264643768739826e-02,8.38638771007069045e-02,1.67727754201413809e-01
2.32630506715362628e-03,2.71907842733109667e-02,8.55549087429965799e-02,8.54886127444968030e-02,1.70977225488993606e-01
2.41731548080410374e-03,2.77167242322075291e-02,8.72150496773035910e-02,8.71448251814360419e-02,1.74289650362872084e-01
2.51188643150957944e-03,2.82528037390784373e-02,8.89075100194467727e-02,8.88331242267341170e-02,1.77666248453468234e-01
2.61015721568253834e-03,2.87992162898747274e-02,9.06329251952672499e-02,9.05541315098469107e-02,1.81108263019693821e-01
2.71227257933202978e-03,2.93561589553894171e-02,9.23919434914386578e-02,9.23084807033597715e-02,1.84616961406719543e-01
2.81838293126445479e-03,2.99238324402639269e-02,9.41852263372584542e-02,9.40968177563050040e-02,1.88193635512610008e-01
2.92864456462523740e-03,3.05024411425352561e-02,9.60134485938333865e-02,9.59198011319994520e-02,1.91839602263998904e-01
3.04321988710772214e-03,3.10921932136992811e-02,9.78772988509177821e-02,9.77781020504897014e-02,1.95556204100979403e-01
3.16227766016837939e-03,3.16933006192629679e-02,9.97774797316745565e-02,9.96724047356945253e-02,1.99344809471389051e-01
3.28599324760065403e-03,3.23059791997556203e-02,1.01714708205641116e-01,1.01603406667335125e-01,2.03206813334670250e-01
3.41454887383360085e-03,3.29304487321663425e-02,1.03689715910195962e-01,1.03571818837746313e-01,2.07143637675492626e-01
3.54813389233575322e-03,3.35669329917720749e-02,1.05703249480834954e-01,1.05578366013662855e-01,2.11156732027325711e-01
3.68694506451957334e-03,3.42156598143170537e-02,1.07756070890581618e-01,1.07623787003077703e-01,2.15247574006155407e-01
3.83118684955728508e-03,3.48768611585013599e-02,1.09848957798870606e-01,1.09708834927270057e-01,2.19417669854540115e-01
3.98107170553497342e-03,3.55507731687324108e-02,1.11982703910259898e-01,1.11834277498103679e-01,2.23668554996207358e-01
4.13682040238850732e-03,3.62376362380894129e-02,1.14158119343344244e-01,1.14000897300697179e-01,2.28001794601394359e-01
4.29866234708227695e-03,3.69376950714468896e-02,1.16376031010261241e-01,1.16209492081571109e-01,2.32418984163142217e-01
4.46683592150963048e-03,3.76511987486984473e-02,1.18637283007198890e-01,1.18460875042376956e-01,2.36921750084753913e-01
4.64158883361278241e-03,3.83784007880180328e-02,1.20942737016335358e-01,1.20755875139317043e-01,2.41511750278634085e-01
4.82317848223930926e-03,3.91195592090903474e-02,1.23293272719661187e-01,1.23095337388364881e-01,2.46190674776729762e-01
5.01187233627272462e-03,3.98749365962374203e-02,1.25689788225159027e-01,1.25480123176399144e-01,2.50960246352798289e-01
5.20794832859546464e-03,4.06448001613623072e-02,1.28133200505835820e-01,1.27911110578365128e-01,2.55822221156730256e-01
5.41169526546463747e-03,4.14294218066252121e-02,1.30624445852131649e-01,1.30389194680580689e-01,2.60778389361161378e-01
5.62341325190349097e-03,4.22290781867612000e-02,1.33164480338252539e-01,1.32915287910305852e-01,2.65830575820611703e-01
5.84341413373517474e-03,4.30440507709418940e-02,1.35754280303003849e-01,1.35490320371697365e-01,2.70980640743394730e-01
6.07202195690988416e-03,4.38746259040763975e-02,1.38394842845730837e-01,1.38115240188271815e-01,2.76230480376543630e-01
6.30957344480192941e-03,4.47210948674399422e-02,1.41087186338001214e-01,1.40791013852003294e-01,2.81582027704006588e-01
6.55641849417978526e-03,4.55837539385098023e-02,1.43832350951702326e-01,1.43518626579184683e-01,2.87037253158369365e-01
6.81292069057960834e-03,4.64629044498808402e-02,1.46631399204254470e-01,1.46299082673182868e-01,2.92598165346365735e-01
7.07945784384137345e-03,4.73588528471235795e-02,1.49485416521683262e-01,1.49133405894221749e-01,2.98266811788443498e-01
7.35642254459641359e-03,4.82719107454384483e-02,1.52395511820330704e-01,1.52022639836329715e-01,3.04045279672659430e-01
7.64422274252600162e-03,4.92023949849502984e-02,1.55362818108024325e-01,1.54967848311589135e-01,3.09935696623178270e-01
7.94328234724281379e-03,5.01506276844768950e-02,1.58388493105570738e-01,1.57970115741831063e-01,3.15940231483662126e-01
8.25404185268019050e-03,5.11169362935935054e-02,1.61473719889481532e-01,1.61030547557917625e-01,3.22061095115835250e-01
8.57695898590894561e-03,5.21016536428049182e-02,1.64619707556890538e-01,1.64150270606759907e-01,3.28300541213519814e-01
8.91250938133745889e-03,5.31051179916237071e-02,1.67827691913672666e-01,1.67330433566222098e-01,3.34660867132444195e-01
9.26118728128793797e-03,5.41276730743401949e-02,1.71098936186826450e-01,1.70572207368062806e-01,3.41144414736125612e-01
9.62350626398088792e-03,5.51696681432564673e-02,1.74434731762242695e-01,1.73876785629070413e-01,3.47753571258140826e-01
1.00000000000000002e-02,5.62314580091424487e-02,1.77836398949039159e-01,1.77245385090551572e-01,3.54490770181103143e-01
1.03912230383516897e-02,5.73134030786561499e-02,1.81305287771708706e-01,1.80679246066333427e-01,3.61358492132666853e-01
1.07977516232770927e-02,5.84158693884553049e-02,1.84842778791392021e-01,1.84179632899445694e-01,3.68359265798891389e-01
1.12201845430196304e-02,5.95392286357096234e-02,1.88450283957661863e-01,1.87747834427649862e-01,3.75495668855299725e-01
1.16591440117983104e-02,6.06838582047061412e-02,1.92129247492278304e-01,1.91385164457987700e-01,3.82770328915975400e-01
1.21152765862858891e-02,6.18501411892207822e-02,1.95881146806457657e-01,1.95092962250523472e-01,3.90185924501046943e-01
1.25892541179416749e-02,6.30384664103098014e-02,1.99707493453278706e-01,1.98872593011456988e-01,3.97745186022913977e-01
1.30817747426019426e-02,6.42492284291544952e-02,2.03609834116946387e-01,2.02725448395791624e-01,4.05450896791583248e-01
1.35935639087852549e-02,6.54828275545700639e-02,2.07589751640719383e-01,2.06652947019739103e-01,4.13305894039478205e-01
1.41253754462275401e-02,6.67396698447671743e-02,2.11648866095418081e-01,2.10656534983052673e-01,4.21313069966105347e-01
1.46779926762206896e-02,6.80201671029309479e-02,2.15788835890528469e-01,2.14737686401478445e-01,4.29475372802956890e-01
1.52522295653901817e-02,6.93247368661563529e-02,2.20011358930035372e-01,2.18897903949523520e-01,4.37795807899047040e-01
1.58489319246111413e-02,7.06538023872529813e-02,2.24318173815235861e-01,2.23138719413738418e-01,4.46277438827476836e-01
1.64689786548286900e-02,7.20077926089042197e-02,2.28711061096909613e-01,2.27461694256718555e-01,4.54923388513437110e-01
1.71132830416178099e-02,7.33871421296373588e-02,2.33191844579360180e-01,2.31868420192033242e-01,4.63736840384066484e-01
1.77827941003892293e-02,7.47922911610295060e-02,2.37762392678979029e-01,2.36360519770292266e-01,4.72721039540584531e-01
1.84784979742229072e-02,7.62236854755439786e-02,2.42424619840136829e-01,2.40939646976566613e-01,4.81879293953133225e-01
1.92014193863880092e-02,7.76817763443570647e-02,2.47180488011366550e-01,2.45607487839384075e-01,4.91214975678768151e-01
1.99526231496887883e-02,7.91670204645012893e-02,2.52032008184968903e-01,2.50365761051522251e-01,5.00731522103044502e-01
2.07332157348595406e-02,8.06798798746142382e-02,2.56981242003351151e-01,2.55216218602829004e-01,5.10432437205658007e-01
2.15443469003188427e-02,8.22208218585445128e-02,2.62030303435600131e-01,2.60160646425303343e-01,5.20321292850606687e-01
2.23872113856833990e-02,8.37903188360266254e-02,2.67181360527986855e-01,2.65200865050671974e-01,5.30401730101343949e-01
2.32630506715362610e-02,8.53888482395953330e-02,2.72436637232320034e-01,2.70338730280708039e-01,5.40677460561416079e-01
2.41731548080410356e-02,8.70168923768671609e-02,2.77798415316280634e-01,2.75576133870533979e-01,5.51152267741067958e-01
2.51188643150957944e-02,8.86749382772721445e-02,2.83269036360117688e-01,2.80915004225163689e-01,5.61830008450327378e-01
2.61015721568253582e-02,9.03634775222727366e-02,2.88850903844330875e-01,2.86357307109538273e-01,5.72714614219076545e-01
2.71227257933202674e-02,9.20830060580578591e-02,2.94546485333238683e-01,2.91905046372318344e-01,5.83810092744636688e-01
2.81838293126445497e-02,9.38340239896518769e-02,3.00358314759608891e-01,2.97560264683698616e-01,5.95120529367397233e-01
2.92864456462523723e-02,9.56170353553246893e-02,3.06288994815833104e-01,3.03325044287515444e-01,6.06650088575030888e-01
3.04321988710772214e-02,9.74325478801377348e-02,3.12341199457445651e-01,3.09201507767927597e-01,6.18403015535855194e-01
3.16227766016837913e-02,9.92810727074043414e-02,3.18517676525118532e-01,3.15191818830947768e-01,6.30383637661895535e-01
3.28599324760065412e-02,1.01163124106786739e-01,3.24821250491631131e-01,3.21298183101116852e-01,6.42596366202233704e-01
3.41454887383360051e-02,1.03079219157693899e-01,3.31254825340684234e-01,3.27522848933611610e-01,6.55045697867223220e-01
3.54813389233575305e-02,1.05029877406584468e-01,3.37821387584835542e-01,3.33868108242086514e-01,6.67736216484173029e-01
3.68694506451957352e-02,1.07015620496717603e-01,3.44524009430255074e-01,3.40336297342552607e-01,6.80672594685105214e-01
3.83118684955728872e-02,1.09036971768832022e-01,3.51365852096456044e-01,3.46929797813606666e-01,6.93859595627213332e-01
3.98107170553497342e-02,1.11094455831169878e-01,3.58350169299627652e-01,3.53651037373324539e-01,7.07302074746649079e-01
4.13682040238850732e-02,1.13188598097197501e-01,3.65480310908712747e-01,3.60502490773144335e-01,7.21004981546288670e-01
4.29866234708227643e-02,1.15319924289308262e-01,3.72759726783901568e-01,3.67486680709066427e-01,7.34973361418132853e-01
4.46683592150962996e-02,1.17488959906727558e-01,3.80191970807791046e-01,3.74606178750506558e-01,7.49212357501013115e-01
4.64158883361277738e-02,1.19696229655772840e-01,3.87780705120056191e-01,3.81863606287144330e-01,7.63727212574288661e-01
4.82317848223930423e-02,1.21942256840553973e-01,3.95529704567127049e-01,3.89261635494115521e-01,7.78523270988231042e-01
5.01187233627272480e-02,1.24227562712133921e-01,4.03442861379038398e-01,3.96802990315903492e-01,7.93605980631806984e-01
5.20794832859546517e-02,1.26552665774101791e-01,4.11524190086341057e-01,4.04490447469291303e-01,8.08980894938582606e-01
5.41169526546463747e-02,1.28918081042447813e-01,4.19777832690728048e-01,4.12326837465745999e-01,8.24653674931491998e-01
5.62341325190349045e-02,1.31324319257563410e-01,4.28208064103832720e-01,4.20315045653608388e-01,8.40630091307216776e-01
5.84341413373517526e-02,1.33771886046130051e-01,4.36819297869518397e-01,4.28458013280475281e-01,8.56916026560950561e-01
6.07202195690988364e-02,1.36261281030601561e-01,4.45616092185881385e-01,4.36758738576161820e-01,8.73517477152323640e-01
6.30957344480193028e-02,1.38792996883928210e-01,4.54603156244157647e-01,4.45220277856646862e-01,8.90440555713293724e-01
6.55641849417978456e-02,1.41367518327120967e-01,4.63785356902735812e-01,4.53845746649403581e-01,9.07691493298807162e-01
6.81292069057961441e-02,1.43985321067206795e-01,4.73167725715568310e-01,4.62638320840533246e-01,9.25276641681066492e-01
7.07945784384138022e-02,1.46646870673086016e-01,4.82755466335407279e-01,4.71601237844120946e-01,9.43202475688241893e-01
7.35642254459641376e-02,1.49352621386770718e-01,4.92553962313515004e-01,4.80737797794248967e-01,9.61475595588497933e-01
7.64422274252600231e-02,1.52103014867454839e-01,5.02568785318772804e-01,4.90051364760100472e-01,9.80102729520200944e-01
7.94328234724281379e-02,1.54898478865854144e-01,5.12805703800480184e-01,4.99545367984605693e-01,9.99090735969211385e-01
8.25404185268018148e-02,1.57739425826246726e-01,5.23270692120572423e-01,5.09223303147084416e-01,1.01844660629416883e+00
8.57695898590893763e-02,1.60626251413653692e-01,5.33969940182509428e-01,5.19088733650350798e-01,1.03817746730070160e+00
8.91250938133745924e-02,1.63559332963618936e-01,5.44909863585705589e-01,5.29145291932753281e-01,1.05829058386550656e+00
9.26118728128793728e-02,1.66539027852085492e-01,5.56097114336071452e-01,5.39396680805633189e-01,1.07879336161126638e+00
9.62350626398088688e-02,1.69565671782920258e-01,5.67538592145053977e-01,5.49846674816695691e-01,1.09969334963339138e+00
1.00000000000000006e-01,1.72639576990711502e-01,5.79241456351461514e-01,5.60499121639792874e-01,1.12099824327958575e+00
1.03912230383516907e-01,1.75761030356562487e-01,5.91213138502388658e-01,5.71357943491631826e-01,1.14271588698326365e+00
1.07977516232770937e-01,1.78930291434724470e-01,6.03461355631682905e-01,5.82427138575930203e-01,1.16485427715186041e+00
1.12201845430196304e-01,1.82147590388059583e-01,6.15994124276658783e-01,5.93710782555548766e-01,1.18742156511109753e+00
1.16591440117983114e-01,1.85413125830504510e-01,6.28819775276132420e-01,6.05213030053145751e-01,1.21042606010629150e+00
1.21152765862858891e-01,1.88727062574915116e-01,6.41946969395379430e-01,6.16938116180903218e-01,1.23387623236180644e+00
1.25892541179416756e-01,1.92089529284920596e-01,6.55384713826249965e-01,6.28890358099888580e-01,1.25778071619977716e+00
1.30817747426019426e-01,1.95500616029703672e-01,6.69142379613491545e-01,6.41074156609629409e-01,1.28214831321925882e+00
1.35935639087852556e-01,1.98960371740952824e-01,6.83229720061245605e-01,6.53493997768480717e-01,1.30698799553696143e+00
1.41253754462275394e-01,2.02468801571609819e-01,6.97656890176812317e-01,6.66154454545386021e-01,1.33230890909077204e+00
1.46779926762206914e-01,2.06025864156466565e-01,7.12434467212013423e-01,6.79060188503638584e-01,1.35812037700727717e+00
1.52522295653901824e-01,2.09631468775147461e-01,7.27573472365919294e-01,6.92215951517261896e-01,1.38443190303452379e+00
1.58489319246111399e-01,2.13285472418556915e-01,7.43085393716304665e-01,7.05626587520645332e-01,1.41125317504129066e+00
1.64689786548286893e-01,2.16987676760479892e-01,7.58982210450957484e-01,7.19297034292071258e-01,1.43859406858414252e+00
1.71132830416178106e-01,2.20737825036700142e-01,7.75276418473931028e-01,7.33232325271801488e-01,1.46646465054360298e+00
1.77827941003892293e-01,2.24535598834746941e-01,7.91981057465945937e-01,7.47437591415381686e-01,1.49487518283076337e+00
1.84784979742229072e-01,2.28380614798211257e-01,8.09109739482478885e-01,7.61918063082852481e-01,1.52383612616570496e+00
1.92014193863880106e-01,2.32272421250480060e-01,8.26676679177568263e-01,7.76679071964561207e-01,1.55335814392912241e+00
1.99526231496887863e-01,2.36210494743733984e-01,8.44696725746055144e-01,7.91726053044283229e-01,1.58345210608856646e+00
2.07332157348595392e-01,2.40194236540141909e-01,8.63185396681845352e-01,8.07064546600375965e-01,1.61412909320075193e+00
2.15443469003188448e-01,2.44222969033368931e-01,8.82158913454826443e-01,8.22700200245701341e-01,1.64540040049140268e+00
2.23872113856834004e-01,2.48295932119797391e-01,9.01634239214279876e-01,8.38638771007069073e-01,1.67727754201413815e+00
2.32630506715362617e-01,2.52412279530247974e-01,9.21629118632024458e-01,8.54886127444968169e-01,1.70977225488993634e+00
2.41731548080410363e-01,2.56571075134476911e-01,9.42162120004023440e-01,8.71448251814360475e-01,1.74289650362872095e+00
2.51188643150957958e-01,2.60771289232328063e-01,9.63252679734874273e-01,8.88331242267341170e-01,1.77666248453468234e+00
2.61015721568253589e-01,2.65011794847128224e-01,9.84921149335335144e-01,9.05541315098468802e-01,1.81108263019693760e+00
2.71227257933202681e-01,2.69291364038729830e-01,1.00718884506892103e+00,9.23084807033597299e-01,1.84616961406719460e+00
2.81838293126445205e-01,2.73608664255539757e-01,1.03007810038946457e+00,9.40968177563049513e-01,1.88193635512609903e+00
2.92864456462523737e-01,2.77962254746900117e-01,1.05361232131748572e+00,9.59198011319994492e-01,1.91839602263998898e+00
3.04321988710772207e-01,2.82350583059331584e-01,1.07781604490904726e+00,9.77781020504897014e-01,1.95556204100979403e+00
3.16227766016837941e-01,2.86771981642379603e-01,1.10271500097659936e+00,9.96724047356945198e-01,1.99344809471389040e+00
3.28599324760065425e-01,2.91224664592127036e-01,1.12833617722689539e+00,1.01603406667335117e+00,2.03206813334670233e+00
3.41454887383360051e-01,2.95706724562837031e-01,1.15470788798650270e+00,1.03571818837746288e+00,2.07143637675492576e+00
3.54813389233575305e-01,3.00216129879656568e-01,1.18185984669046396e+00,1.05578366013662839e+00,2.11156732027325678e+00
3.68694506451957338e-01,3.04750721887817932e-01,1.20982324231434579e+00,1.07623787003077709e+00,2.15247574006155418e+00
3.83118684955728872e-01,3.09308212576320851e-01,1.23863081993400193e+00,1.09708834927270105e+00,2.19417669854540209e+00
3.98107170553497314e-01,3.13886182516610990e-01,1.26831696560083307e+00,1.11834277498103685e+00,2.23668554996207369e+00
4.13682040238850690e-01,3.18482079159299103e-01,1.29891779572292432e+00,1.14000897300697179e+00,2.28001794601394359e+00
4.29866234708227657e-01,3.23093215534408562e-01,1.33047125114407749e+00,1.16209492081571097e+00,2.32418984163142195e+00
4.46683592150963038e-01,3.27716769403013086e-01,1.36301719611317562e+00,1.18460875042376945e+00,2.36921750084753890e+00
4.64158883361277752e-01,3.32349782910340175e-01,1.39659752233536572e+00,1.20755875139317004e+00,2.41511750278634008e+00
4.82317848223930423e-01,3.36989162792451669e-01,1.43125625829393588e+00,1.23095337388364823e+00,2.46190674776729646e+00
5.01187233627272022e-01,3.41631681190401992e-01,1.46703968402726903e+00,1.25480123176399117e+00,2.50960246352798233e+00
5.20794832859546530e-01,3.46273977127261490e-01,1.50399645153856221e+00,1.27911110578365150e+00,2.55822221156730301e+00
5.41169526546463775e-01,3.50912558704505051e-01,1.54217771100683088e+00,1.30389194680580700e+00,2.60778389361161400e+00
5.62341325190349073e-01,3.55543806074943125e-01,1.58163724295569996e+00,1.32915287910305824e+00,2.65830575820611648e+00
5.84341413373517526e-01,3.60163975249518320e-01,1.62243159652125435e+00,1.35490320371697348e+00,2.70980640743394696e+00
6.07202195690988322e-01,3.64769202794838376e-01,1.66462023394147263e+00,1.38115240188271793e+00,2.76230480376543586e+00
6.30957344480193028e-01,3.69355511477170717e-01,1.70826568136696544e+00,1.40791013852003299e+00,2.81582027704006599e+00
6.55641849417978539e-01,3.73918816906678886e-01,1.75343368606563321e+00,1.43518626579184705e+00,2.87037253158369410e+00
6.81292069057961469e-01,3.78454935232872214e-01,1.80019338006187302e+00,1.46299082673182945e+00,2.92598165346365890e+00
7.07945784384138022e-01,3.82959591938426935e-01,1.84861745021381552e+00,1.49133405894221815e+00,2.98266811788443631e+00
7.35642254459641376e-01,3.87428431773664872e-01,1.89878231468929082e+00,1.52022639836329709e+00,3.04045279672659419e+00
7.64422274252600231e-01,3.91857029867906326e-01,1.95076830575244342e+00,1.54967848311589163e+00,3.09935696623178325e+00
7.94328234724281379e-01,3.96240904046593623e-01,2.00465985871785968e+00,1.57970115741831063e+00,3.15940231483662126e+00
8.25404185268018176e-01,4.00575528374390144e-01,2.06054570686747018e+00,1.61030547557917525e+00,3.22061095115835050e+00
8.57695898590893679e-01,4.04856347934348881e-01,2.11851908205716688e+00,1.64150270606759818e+00,3.28300541213519637e+00
8.91250938133745008e-01,4.09078794841635174e-01,2.17867792066506638e+00,1.67330433566222037e+00,3.34660867132444073e+00
9.26118728128793700e-01,4.13238305477143020e-01,2.24112507445178988e+00,1.70572207368062756e+00,3.41144414736125512e+00
9.62350626398088771e-01,4.17330338911644338e-01,2.30596852581531131e+00,1.73876785629070429e+00,3.47753571258140859e+00
1.00000000000000000e+00,4.21350396474857392e-01,2.37332160682960591e+00,1.77245385090551610e+00,3.54490770181103221e+00
1.03912230383516913e+00,4.25294042406051453e-01,2.44330322135822975e+00,1.80679246066333454e+00,3.61358492132666909e+00
1.07977516232770943e+00,4.29156925503601350e-01,2.51603806943259567e+00,1.84179632899445678e+00,3.68359265798891355e+00
1.12201845430196290e+00,4.32934801670387226e-01,2.59165687298154923e+00,1.87747834427649818e+00,3.75495668855299636e+00
1.16591440117983103e+00,4.36623557230257919e-01,2.67029660189629681e+00,1.91385164457987678e+00,3.82770328915975355e+00
1.21152765862858769e+00,4.40219232868181209e-01,2.75210069931534829e+00,1.95092962250523394e+00,3.90185924501046788e+00
1.25892541179416617e+00,4.43718048023458433e-01,2.83721930492133012e+00,1.98872593011456922e+00,3.97745186022913844e+00
1.30817747426019282e+00,4.47116425541825957e-01,2.92580947495926447e+00,2.02725448395791519e+00,4.05450896791583038e+00
1.35935639087852422e+00,4.50411016368823025e-01,3.01803539761870132e+00,2.06652947019739042e+00,4.13305894039478083e+00
1.41253754462275549e+00,4.53598724043928758e-01,3.11406860237542960e+00,2.10656534983052746e+00,4.21313069966105491e+00
1.46779926762207058e+00,4.56676728733214188e-01,3.21408816186809387e+00,2.14737686401478589e+00,4.29475372802957178e+00
1.52522295653901985e+00,4.59642510518217418e-01,3.31828088489776318e+00,2.18897903949523664e+00,4.37795807899047329e+00
1.58489319246111404e+00,4.62493871641074028e-01,3.42684149919092640e+00,2.23138719413738462e+00,4.46277438827476924e+00
1.64689786548286876e+00,4.65228957391356501e-01,3.53997282266649060e+00,2.27461694256718561e+00,4.54923388513437121e+00
1.71132830416178106e+00,4.67846275309306003e-01,3.65788592210203012e+00,2.31868420192033264e+00,4.63736840384066529e+00
1.77827941003892276e+00,4.70344712373963192e-01,3.78080025831148836e+00,2.36360519770292221e+00,4.72721039540584442e+00
1.84784979742229072e+00,4.72723549843873769e-01,3.90894381723224793e+00,2.40939646976566602e+00,4.81879293953133203e+00
1.92014193863880100e+00,4.74982475423301576e-01,4.04255322667974593e+00,2.45607487839384042e+00,4.91214975678768084e+00
1.99526231496887885e+00,4.77121592438914666e-01,4.18187385896673725e+00,2.50365761051522240e+00,5.00731522103044480e+00
2.07332157348595381e+00,4.79141425731326343e-01,4.32715992010373096e+00,2.55216218602829059e+00,5.10432437205658118e+00
2.15443469003188204e+00,4.81042923993154625e-01,4.47867452689635748e+00,2.60160646425303188e+00,5.20321292850606376e+00
2.23872113856833765e+00,4.82827458320753966e-01,4.63668977392976078e+00,2.65200865050671863e+00,5.30401730101343727e+00
2.32630506715362362e+00,4.84496816790606744e-01,4.80148679317128035e+00,2.70338730280707917e+00,5.40677460561415835e+00
2.41731548080410130e+00,4.86053194923455556e-01,4.97335580971704960e+00,2.75576133870533901e+00,5.51152267741067803e+00
2.51188643150958235e+00,4.87499181959262451e-01,5.15259619803728519e+00,2.80915004225163845e+00,5.61830008450327689e+00
2.61015721568253856e+00,4.88837742933346864e-01,5.33951654391472363e+00,2.86357307109538439e+00,5.72714614219076878e+00
2.71227257933202948e+00,4.90072196617624578e-01,5.53443471809167153e+00,2.91905046372318511e+00,5.83810092744637021e+00
2.81838293126445505e+00,4.91206189469439169e-01,5.73767796840801658e+00,2.97560264683698605e+00,5.95120529367397211e+00
2.92864456462523748e+00,4.92243665812424680e-01,5.94958303788764731e+00,3.03325044287515500e+00,6.06650088575030999e+00
3.04321988710772207e+00,4.93188834557198974e-01,6.17049631677088595e+00,3.09201507767927541e+00,6.18403015535855083e+00
3.16227766016837952e+00,4.94046132852221320e-01,6.40077403685351243e+00,3.15191818830947756e+00,6.30383637661895513e+00
3.28599324760065414e+00,4.94820187134354494e-01,6.64078251663656349e+00,3.21298183101116841e+00,6.42596366202233682e+00
3.41454887383360051e+00,4.95515772121883469e-01,6.89089846567732245e+00,3.27522848933611632e+00,6.55045697867223264e+00
3.54813389233575327e+00,4.96137768357189868e-01,7.15150935612969985e+00,3.33868108242086548e+00,6.67736216484173095e+00
3.68694506451957338e+00,4.96691118959214972e-01,7.42301386875073366e+00,3.40336297342552552e+00,6.80672594685105103e+00
3.83118684955728517e+00,4.97180786284644516e-01,7.70582241962155212e+00,3.46929797813606511e+00,6.93859595627213022e+00
3.98107170553496914e+00,4.97611709219067166e-01,8.00035777249436286e+00,3.53651037373324284e+00,7.07302074746648568e+00
4.13682040238850313e+00,4.97988761823251580e-01,8.30705574005857272e+00,3.60502490773144224e+00,7.21004981546288448e+00
4.29866234708227246e+00,4.98316714043747000e-01,8.62636597556487850e+00,3.67486680709066249e+00,7.34973361418132498e+00
4.46683592150963449e+00,4.98600195160519788e-01,8.95875285422136081e+00,3.74606178750506658e+00,7.49212357501013315e+00
4.64158883361278196e+00,4.98843660587325322e-01,9.30469644166250021e+00,3.81863606287144508e+00,7.63727212574289016e+00
4.82317848223930934e+00,4.99051362563898926e-01,9.66469354468848962e+00,3.89261635494115676e+00,7.78523270988231353e+00
5.01187233627272466e+00,4.99227325184621540e-01,1.00392588374830272e+01,3.96802990315903559e+00,7.93605980631807117e+00
5.20794832859546464e+00,4.99375324098771445e-01,1.04289260547551290e+01,4.04490447469291325e+00,8.08980894938582651e+00
5.41169526546463775e+00,4.99498871096334118e-01,1.08342492418184655e+01,4.12326837465745921e+00,8.24653674931491842e+00
5.62341325190349028e+00,4.99601203664840843e-01,1.12558040506162911e+01,4.20315045653608443e+00,8.40630091307216887e+00
5.84341413373517504e+00,4.99685279471631327e-01,1.16941890701963800e+01,4.28458013280475214e+00,8.56916026560950428e+00
6.07202195690988411e+00,4.99753775597385375e-01,1.21500271801881556e+01,4.36758738576161853e+00,8.73517477152323707e+00
6.30957344480192983e+00,4.99809092225924012e-01,1.26239669164519164e+01,4.45220277856646884e+00,8.90440555713293769e+00
6.55641849417978495e+00,4.99853360387085888e-01,1.31166838392413769e+01,4.53845746649403559e+00,9.07691493298807117e+00
6.81292069057960781e+00,4.99888453258386933e-01,1.36288818958938478e+01,4.62638320840533002e+00,9.25276641681066003e+00
7.07945784384137333e+00,4.99916000460820964e-01,1.41612947721528251e+01,4.71601237844120735e+00,9.43202475688241471e+00
7.35642254459640643e+00,4.99937404737180457e-01,1.47146872286215782e+01,4.80737797794248767e+00,9.61475595588497534e+00
7.64422274252599454e+00,4.99953860379082904e-01,1.52898564214103097e+01,4.90051364760100228e+00,9.80102729520200455e+00
7.94328234724282112e+00,4.99966372771580403e-01,1.58876332086275482e+01,4.99545367984605893e+00,9.99090735969211785e+00
8.25404185268019042e+00,4.99975778450568065e-01,1.65088834468333268e+01,5.09223303147084660e+00,1.01844660629416932e+01
8.57695898590894501e+00,4.99982765115712491e-01,1.71545092837829216e+01,5.19088733650350953e+00,1.03817746730070191e+01
8.91250938133745940e+00,4.99987891106722981e-01,1.78254504556292837e+01,5.29145291932753281e+00,1.05829058386550656e+01
9.26118728128793656e+00,4.99991603929102468e-01,1.85226855981388638e+01,5.39396680805633189e+00,1.07879336161126638e+01
9.62350626398088771e+00,4.99994257502139550e-01,1.92472335823571079e+01,5.49846674816695646e+00,1.09969334963339129e+01
1.00000000000000000e+01,4.99996127891784492e-01,2.00001548855280866e+01,5.60499121639792808e+00,1.12099824327958562e+01
