frame,u,phase,q_b,q_a,p_b,p_a,spread,Q_sum
0,0.0,initial,-6.0,6.0,-4.365439996139249,4.3654399961392505,8.7308799922785,0.0
1,0.025,post,-6.0,6.0,-4.365439993785532,4.365439993785535,8.730879987571068,0.0
2,0.05,post,-6.0,6.0,-4.365439991492551,4.365439991492552,8.730879982985103,0.0
3,0.075,post,-6.0,6.0,-4.3654399892587366,4.365439989258738,8.730879978517475,0.0
4,0.1,post,-6.0,6.0,-4.365439987082565,4.365439987082567,8.730879974165132,0.0
5,0.125,post,-6.0,6.0,-4.365439984962549,4.365439984962551,8.7308799699251,0.0
6,0.15,post,-6.0,6.0,-4.36543998289724,4.365439982897242,8.730879965794482,0.0
7,0.17500000000000002,post,-6.0,6.0,-4.365439980885228,4.36543998088523,8.730879961770459,0.0
8,0.2,post,-6.0,6.0,-4.365439978925139,4.36543997892514,8.730879957850279,0.0
9,0.225,post,-6.0,6.0,-4.365439977015632,4.365439977015634,8.730879954031266,0.0
10,0.25,post,-6.0,6.0,-4.365439975155404,4.3654399751554065,8.730879950310811,0.0
11,0.275,post,-6.0,6.0,-4.365439973343184,4.365439973343186,8.73087994668637,0.0
12,0.3,post,-6.0,6.0,-4.365439971577733,4.365439971577735,8.730879943155468,0.0
13,0.325,post,-6.0,6.0,-4.365439969857846,4.365439969857848,8.730879939715694,0.0
14,0.35000000000000003,post,-6.0,6.0,-4.365439968182346,4.365439968182348,8.730879936364694,0.0
15,0.375,post,-6.0,6.0,-4.36543996655009,4.365439966550092,8.730879933100182,0.0
16,0.4,post,-6.0,6.0,-4.36543996495996,4.365439964959963,8.730879929919922,0.0
17,0.425,post,-6.0,6.0,-4.365439963410873,4.365439963410875,8.730879926821748,0.0
18,0.45,post,-6.0,6.0,-4.365439961901767,4.36543996190177,8.730879923803538,0.0
19,0.47500000000000003,post,-6.0,6.0,-4.365439960431614,4.365439960431615,8.730879920863229,0.0
20,0.5,post,-6.0,6.0,-4.3654399589994055,4.365439958999407,8.730879917998813,0.0
21,0.525,post,-6.0,6.0,-4.365439957604165,4.365439957604167,8.730879915208332,0.0
22,0.55,post,-6.0,6.0,-4.365439956244938,4.36543995624494,8.730879912489879,0.0
23,0.5750000000000001,post,-6.0,6.0,-4.365439954920796,4.365439954920798,8.730879909841594,0.0
24,0.6,post,-6.0,6.0,-4.365439953630834,4.365439953630836,8.73087990726167,0.0
25,0.625,post,-6.0,6.0,-4.365439952374169,4.365439952374171,8.73087990474834,0.0
26,0.65,post,-6.0,6.0,-4.365439951149944,4.365439951149946,8.73087990229989,0.0
27,0.675,post,-6.0,6.0,-4.36543994995732,4.365439949957322,8.730879899914642,0.0
28,0.7000000000000001,post,-6.0,6.0,-4.365439948795483,4.365439948795486,8.73087989759097,0.0
29,0.725,post,-6.0,6.0,-4.365439947663639,4.365439947663641,8.73087989532728,0.0
30,0.75,post,-6.0,6.0,-4.365439946561013,4.365439946561015,8.730879893122028,0.0
31,0.775,post,-6.0,6.0,-4.365439945486853,4.365439945486854,8.730879890973707,0.0
32,0.8,post,-6.0,6.0,-4.365439944440421,4.365439944440424,8.730879888880846,0.0
33,0.8250000000000001,post,-6.0,6.0,-4.365439943421006,4.365439943421007,8.730879886842013,0.0
34,0.85,post,-6.0,6.0,-4.365439942427908,4.365439942427909,8.730879884855817,0.0
35,0.875,post,-6.0,6.0,-4.365439941460449,4.36543994146045,8.730879882920899,0.0
36,0.9,post,-6.0,6.0,-4.365439940517966,4.365439940517969,8.730879881035936,0.0
37,0.925,post,-6.0,6.0,-4.365439939599817,4.365439939599819,8.730879879199636,0.0
38,0.9500000000000001,post,-6.0,6.0,-4.365439938705372,4.365439938705374,8.730879877410747,0.0
39,0.975,post,-6.0,6.0,-4.3654399378340205,4.365439937834023,8.730879875668045,0.0
40,1.0,pre,-6.0,6.0,-4.365439936985167,4.365439936985169,8.730879873970336,0.0
41,1.0,post,-6.0,6.0,-4.365439936985167,4.783993455577626,9.149433392562793,0.05
42,1.025,post,-6.024382747800708,6.073148243402125,-4.3654399361582295,4.801708594064111,9.167148530222342,0.04876549560141663
43,1.05,post,-6.023780735612518,6.071342206837554,-4.365439936163987,4.764796981809294,9.130236917973281,0.0475614712250357
44,1.075,post,-6.023193587158214,6.069580761474641,-4.36544023397591,4.7241438127373145,9.089584046713224,0.04638717431642765
45,1.1,post,-6.022620935450899,6.0678628063526965,-4.365444612599923,4.688204882257967,9.05364949485789,0.04524187090179799
46,1.125,post,-6.022062422564615,6.066187267693844,-4.3654638707411495,4.657859305925682,9.023323176666832,0.044124845129229755
47,1.1500000000000001,post,-6.0215176994106265,6.06455309823188,-4.365511287903213,4.632256860967893,8.997768148871106,0.04303539882125285
48,1.175,post,-6.02098642551923,6.062959276557691,-4.365596571795346,4.611113241952823,8.976709813748169,0.04197285103846034
49,1.2,post,-6.02046826882695,6.061404806480849,-4.365723967455826,4.593269306205102,8.958993273660928,0.040936537653899055
50,1.225,post,-6.019962905468984,6.059888716406953,-4.365893205751312,4.577735618302798,8.943628824054109,0.039925810937968834
51,1.25,post,-6.019470019576786,6.058410058730355,-4.366101187978818,4.564644971137533,8.930746159116351,0.038940039153570236
52,1.2750000000000001,post,-6.018989303080624,6.056967909241872,-4.366343430338301,4.553466082750446,8.919809513088747,0.03797860616124841
53,1.3,post,-6.018520455517042,6.055561366551129,-4.366615043463864,4.543427219718523,8.910042263182387,0.037040911034085904
54,1.325,post,-6.018063183841052,6.054189551523155,-4.36691130740155,4.5345296582247325,8.901440965626282,0.03612636768210362
55,1.35,post,-6.017617202242968,6.052851606728903,-4.367227963358069,4.526759579901014,8.893987543259083,0.03523440448593569
56,1.375,post,-6.017182231969775,6.051546695909323,-4.3675613283066745,4.519931177185857,8.887492505492531,0.034364463939548645
57,1.4000000000000001,pre,-6.016758001150891,6.050274003452674,-4.367908307844535,4.513898964853176,8.88180727269771,0.033516002301782005
58,1.4000000000000001,post,-6.016758001150891,6.050274003452674,-4.367908307844535,4.92836900563932,9.296277313483856,0.083516002301782
59,1.425,post,-6.040726992428954,6.122180977286863,-4.368266355865211,4.927261517057655,9.295527872922866,0.08145398485790904
60,1.45,post,-6.039721439403062,6.119164318209187,-4.36863341035877,4.882793540657112,9.251426951015883,0.07944287880612443
61,1.475,post,-6.038740713569839,6.116222140709518,-4.369007785661038,4.837592337695621,9.206600123356658,0.07748142713967872
62,1.5,post,-6.037784201943715,6.113352605831144,-4.369387411757812,4.7990241427476725,9.168411554505486,0.0755684038874297
63,1.5250000000000001,post,-6.0368513066737854,6.110553920021356,-4.369767776426343,4.76612828977597,9.135896066202314,0.07370261334757061
64,1.55,post,-6.035941444670139,6.107824334010416,-4.370141121505259,4.739316377657572,9.109457499162831,0.0718828893402773
65,1.575,post,-6.035054047239404,6.105162141718212,-4.370498100128424,4.716565192731789,9.087063292860213,0.07010809447880824
66,1.6,post,-6.0341885597293,6.102565679187901,-4.370829982586721,4.697611976375018,9.068441958961738,0.06837711945860048
67,1.625,post,-6.033344441181959,6.100033323545877,-4.371130065848866,4.680625053739134,9.051755119588,0.06668888236391846
68,1.6500000000000001,post,-6.032521163995811,6.097563491987432,-4.371394157747936,4.666153273625652,9.03754743137359,0.06504232799162117
69,1.675,post,-6.031718213595814,6.095154640787439,-4.371620456407468,4.65363819762581,9.025258654033278,0.06343642719162601
70,1.7,post,-6.030935088111828,6.092805264335485,-4.371809144836203,4.642212573057376,9.014021717893579,0.06187017622365651
71,1.725,post,-6.0301712980649365,6.090513894194808,-4.371961907309481,4.6319328877298345,9.003894795039315,0.06034259612987187
72,1.75,post,-6.029426366061493,6.088279098184479,-4.372081474379405,4.622773365724503,8.994854840103908,0.05885273212298654
73,1.7750000000000001,post,-6.028699826494749,6.086099479484246,-4.372171240116374,4.6145261234973605,8.986697363613734,0.057399652989497035
74,1.8,pre,-6.027991225253821,6.083973675761465,-4.3722349611759945,4.607034076263173,8.979269037439167,0.05598245050764315
75,1.8,post,-6.027991225253821,6.083973675761465,-4.3722349611759945,5.024703643986986,9.39693860516298,0.10598245050764316
76,1.825,post,-6.0516828672405785,6.155048601721735,-4.372276531457033,5.0147081680753685,9.386984699532402,0.10336573448115656
77,1.85,post,-6.05040681270178,6.151220438105341,-4.3722998206136126,4.965550290489238,9.337850111102851,0.10081362540356079
78,1.875,post,-6.049162264061803,6.147486792185406,-4.372308756000127,4.917054469642564,9.289363225642692,0.09832452812360419
79,1.9000000000000001,post,-6.04794844343723,6.14384533031169,-4.37230981528451,4.875873531754798,9.248183347039308,0.09589688687445971
80,1.925,post,-6.04676459215066,6.140293776451981,-4.37231588040591,4.84221730577282,9.21453318617873,0.09352918430132029
81,1.95,post,-6.045609970256501,6.136829910769504,-4.372341442300267,4.813837853098495,9.186179295398762,0.09121994051300238
82,1.975,post,-6.044483856078483,6.13345156823545,-4.372390457638532,4.790115717189617,9.162506174828149,0.0889677121569661
83,2.0,post,-6.043385545758586,6.130156637275759,-4.37245253689024,4.769529874674059,9.1419824115643,0.08677109151717263
84,2.025,post,-6.042314352817108,6.1269430584513245,-4.3725103509324095,4.752105538507607,9.124615889440015,0.08462870563421603
85,2.05,post,-6.0412696077235895,6.123808823170768,-4.3725474158940285,4.736141540205919,9.108688956099947,0.08253921544717889
86,2.075,post,-6.040250657478338,6.120751972435014,-4.372551807906791,4.722093189662812,9.094644997569603,0.08050131495667563
87,2.1,post,-6.03925686520428,6.117770595612841,-4.372516801666799,4.709685336521305,9.082202138188105,0.07851373040856041
88,2.125,post,-6.0382876097488944,6.114862829246683,-4.372440102997185,4.6985196531707185,9.070959756167904,0.07657521949778927
89,2.15,post,-6.03734228529597,6.112026855887909,-4.372322696259854,4.687922295667972,9.060244991927826,0.0746845705919391
90,2.1750000000000003,post,-6.036420300986949,6.1092609029608465,-4.372167760265937,4.678342320176452,9.05051008044239,0.07284060197389791
91,2.2,pre,-6.035521080551626,6.10656324165488,-4.371979799760803,4.669626419229094,9.041606218989898,0.07104216110325313
92,2.2,post,-6.035521080551626,6.10656324165488,-4.371979799760803,5.0764309516421555,9.448410751402958,0.12104216110325314
93,2.225,post,-6.059026809748667,6.177080429246,-4.371764005339946,5.06695562789081,9.438719633230756,0.11805361949733305
94,2.25,post,-6.057569432623286,6.172708297869855,-4.371525807489519,5.01813285645202,9.389658663941539,0.11513886524657016
95,2.275,post,-6.056148038267337,6.1684441148020115,-4.371270774835471,4.970031680722965,9.341302455558436,0.1122960765346744
96,2.3000000000000003,post,-6.05476173826308,6.16428521478924,-4.3710070239996455,4.9291118062708446,9.30011883027049,0.10952347652616018
97,2.325,post,-6.053409666127884,6.16022899838365,-4.370749127638169,4.895539643027913,9.266288770666083,0.10681933225576647
98,2.35,post,-6.052090976772648,6.156272930317945,-4.370515030671888,4.866814712780823,9.237329743452712,0.1041819535452968
99,2.375,post,-6.050804845973602,6.152414537920805,-4.3703198860830375,4.842941579888552,9.21326146597159,0.10160969194720322
100,2.4,post,-6.0495504698571265,6.14865140957138,-4.370173212915719,4.821942109496068,9.192115322411787,0.09910093971425278
101,2.4250000000000003,post,-6.048327064397316,6.144981193191949,-4.3700791933618435,4.804129165814115,9.174208359175958,0.096654128794633
102,2.45,post,-6.047133864925935,6.141401594777803,-4.370038156591076,4.787921938920925,9.157960095512001,0.09426772985186865
103,2.475,post,-6.045970125654468,6.137910376963405,-4.370047252799453,4.773503413909873,9.143550666709327,0.09194025130893668
104,2.5,post,-6.044835119207991,6.134505357623973,-4.37009648116361,4.760720228637282,9.130816709800891,0.08967023841598185
105,2.525,post,-6.043728136170525,6.131184408511576,-4.370165776220387,4.749187802332362,9.119353578552749,0.08745627234105087
106,2.5500000000000003,post,-6.042648484641639,6.127945453924914,-4.370230959663501,4.738103028535944,9.108333988199444,0.08529696928327621
107,2.575,post,-6.041595489803978,6.124786469411934,-4.370271141284628,4.727981984491638,9.098253125776267,0.0831909796079555
108,2.6,pre,-6.0405684935014925,6.121705480504479,-4.370272162945372,4.71867410660981,9.088946269555182,0.08113698700298591
109,2.6,post,-6.0405684935014925,6.121705480504479,-4.370272162945372,5.125247392576855,9.495519555522227,0.13113698700298593
110,2.625,post,-6.063949601628771,6.191848804886314,-4.370226729337137,5.11261013354351,9.482836862880646,0.1278992032575429
111,2.65,post,-6.062370680338804,6.1871120410164115,-4.3701330663846365,5.062106227205066,9.432239293589703,0.12474136067760797
112,2.6750000000000003,post,-6.060830742754386,6.1824922282631585,-4.3699934766288875,5.012815642938197,9.382809119567085,0.12166148550877236
113,2.7,post,-6.059328826364398,6.177986479093196,-4.369815527586893,4.970899204916384,9.340714732503276,0.11865765272879704
114,2.725,post,-6.057863992422206,6.173591977266618,-4.369615063380686,4.936354425760526,9.305969489141212,0.1157279848444115
115,2.75,post,-6.05643532535891,6.169305976076728,-4.369412403519209,4.907473036948347,9.276885440467556,0.11287065071781921
116,2.775,post,-6.055041932211088,6.165125796633266,-4.369225568445625,4.882544551441285,9.25177011988691,0.11008386442217691
117,2.8000000000000003,post,-6.053682942062666,6.161048826187999,-4.36906702946447,4.861257085090547,9.230324114555017,0.10736588412533228
118,2.825,post,-6.052357505500561,6.1570725165016835,-4.368943793125281,4.842573365841321,9.2115171589666,0.10471501100112199
119,2.85,post,-6.051064794083775,6.153194382251325,-4.3688588059211,4.825672378509071,9.194531184430172,0.10212958816755018
120,2.875,post,-6.049803999825591,6.149411999476775,-4.368812451104972,4.810841512653058,9.17965396375803,0.09960799965118325
121,2.9,post,-6.048574334688556,6.145723004065671,-4.368803706146004,4.7975001512858455,9.16630385743185,0.09714866937711372
122,2.9250000000000003,post,-6.047375030091931,6.142125090275794,-4.368830911735265,4.784893364444695,9.153724276179961,0.09475006018386233
123,2.95,post,-6.046205336431301,6.138616009293903,-4.36889184122,4.773510518763745,9.142402359983745,0.092410672862602
124,2.975,post,-6.045064522610051,6.1351935678301555,-4.368980006383741,4.763127923096846,9.132107929480586,0.0901290452201034
125,3.0,pre,-6.043951875582408,6.131855626747225,-4.369079533889737,4.753564719067364,9.122644252957102,0.08790375116481666
126,3.0,post,-6.043951875582408,6.131855626747225,-4.369079533889737,5.169645769303025,9.538725303192763,0.13790375116481668
127,3.025,post,-6.067249447708467,6.201748343125401,-4.369168767018622,5.150705049235472,9.519873816254094,0.13449889541693447
128,3.0500000000000003,post,-6.065589052928499,6.196767158785497,-4.369227815786021,5.096398805532164,9.465626621318187,0.13117810585699835
129,3.075,post,-6.063969653441716,6.191908960325148,-4.369243072907336,5.044689017845958,9.413932090753294,0.1279393068834324
130,3.1,post,-6.062390237070724,6.187170711212169,-4.369210549825625,5.001728554623841,9.370939104449466,0.12478047414144636
131,3.125,post,-6.060849816628874,6.182549449886622,-4.369138920194926,4.965804536540928,9.334943456735854,0.12169963325774769
132,3.15,post,-6.059347429303247,6.178042287909741,-4.36904485508989,4.936310461587906,9.305355316677797,0.11869485860649423
133,3.1750000000000003,post,-6.057882136052858,6.1736464081585725,-4.368945158055384,4.911242586654391,9.280187744709774,0.11576427210571526
134,3.2,post,-6.056453021021725,6.169359063065174,-4.368852600743583,4.889515553026241,9.258368153769824,0.11290604204344913
135,3.225,post,-6.055059190966432,6.165177572899296,-4.368775370217198,4.870243792225161,9.239019162442359,0.11011838193286358
136,3.25,post,-6.053699774697822,6.161099324093465,-4.368718062844779,4.853514028060926,9.222232090905704,0.10739954939564351
137,3.275,post,-6.052373922536473,6.157121767609421,-4.368682923752849,4.837964343878583,9.206647267631432,0.10474784507294763
138,3.3000000000000003,post,-6.051080805781627,6.153242417344881,-4.368670845278226,4.823911098769457,9.192581944047683,0.102161611563254
139,3.325,post,-6.049819616193215,6.149458848579645,-4.368682041251734,4.811276824294566,9.1799588655463,0.09963923238642994
140,3.35,post,-6.048589565486689,6.1457686964600695,-4.368716453489036,4.799805578734339,9.168522032223375,0.09717913097337959
141,3.375,post,-6.047389884840318,6.142169654520955,-4.368773970301732,4.7886750577154125,9.157449028017144,0.09477976968063664
142,3.4,post,-6.046219824414643,6.138659473243931,-4.3688541357501744,4.778463597455072,9.147317733205247,0.09243964882928733
143,3.4250000000000003,post,-6.045078652883811,6.135235958651434,-4.368952237349318,4.769014454479415,9.137966691828733,0.09015730576762218
144,3.45,post,-6.043965656978465,6.131896970935396,-4.36905406324855,4.760194738092429,9.129248801340978,0.08793131395693109
145,3.475,post,-6.0428801410399355,6.128640423119805,-4.369139454853327,4.751904613000676,9.121044067854003,0.08576028207987015
146,3.5,post,-6.041821426585422,6.125464279756265,-4.369189842973161,4.743718961502069,9.11290880447523,0.08364285317084316
147,3.525,post,-6.040788851883927,6.122366555651781,-4.369192566477225,4.735856696957675,9.1050492634349,0.0815777037678538
148,3.5500000000000003,post,-6.039781771542649,6.119345314627949,-4.369141565057075,4.7283889740881255,9.0975305391452,0.07956354308529888
149,3.575,post,-6.0387995561035925,6.116398668310778,-4.3690362495678166,4.7212817223778965,9.090317971945712,0.07759911220718531
150,3.6,post,-6.037841591650133,6.1135247749504,-4.368879893604308,4.714507129859008,9.083387023463317,0.07568318330026665
151,3.625,post,-6.036907279423303,6.11072183826991,-4.3686781684144185,4.708041692057637,9.076719860472055,0.07381455884660723
152,3.65,post,-6.035996035447548,6.107988106342642,-4.368438012557207,4.701865009447365,9.070303022004573,0.07199207089509467
153,3.6750000000000003,post,-6.035107290165716,6.105321870497149,-4.368166837256484,4.695728431468791,9.063895268725275,0.07021458033143226
154,3.7,post,-6.034240488083078,6.102721464249233,-4.367872004810278,4.689757541186505,9.057629545996782,0.06848097616615549
155,3.725,post,-6.033395087420114,6.100185262260341,-4.3675605085583635,4.684043272943198,9.051603781501562,0.06679017484022748
156,3.75,post,-6.03257055977389,6.097711679321669,-4.367238793304664,4.678570919998153,9.045809713302816,0.06514111954777921
157,3.775,post,-6.031766389787785,6.095299169363358,-4.3669126696249245,4.673326962899599,9.040239632524523,0.0635327795755717
158,3.8000000000000003,post,-6.0309820748293825,6.092946224488149,-4.366587288643471,4.668296007717472,9.034883296360942,0.06196414965876629
159,3.825,post,-6.030217124676301,6.090651374028902,-4.366267154180885,4.6634481715909155,9.0297153257718,0.060434249352601783
160,3.85,post,-6.029471061209793,6.088413183629377,-4.365956156729733,4.658742156430412,9.024698313160144,0.05894212241958437
161,3.875,post,-6.028743418115904,6.086230254347712,-4.365657619035143,4.654143317112051,9.019800936147194,0.05748683623180805
162,3.9,post,-6.028033740594016,6.084101221782048,-4.365374346710016,4.649610144652546,9.014984491362561,0.05606748118803188
163,3.9250000000000003,post,-6.027341585072574,6.0820247552177245,-4.365108679778683,4.644927922334263,9.010036602112947,0.054683170145149576
164,3.95,post,-6.026666518931848,6.079999556795545,-4.364862542680601,4.6403248290536405,9.005187371734241,0.053333037863696184
165,3.975,post,-6.026008120233523,6.078024360700568,-4.364637491339035,4.63580295103656,9.000440442375595,0.052016240467045255
166,4.0,post,-6.025365977456979,6.076097932370938,-4.364434756592063,4.6313661714895495,8.995800928081612,0.05073195491395851
167,4.025,post,-6.02473968924208,6.074219067726237,-4.364255283720945,4.62701875185989,8.991274035580837,0.04947937848415821
168,4.05,post,-6.024128864138301,6.072386592414902,-4.364099768079879,4.6227645896266845,8.986864357706564,0.04825772827660093
169,4.075,post,-6.02353312036007,6.070599361080208,-4.363968686989332,4.61860688033272,8.982575567322051,0.04706624072013883
170,4.1,post,-6.022952085548131,6.068856256644394,-4.363862328141532,4.614548007140809,8.97841033528234,0.04590417109626293
171,4.125,post,-6.022385396536815,6.0671561896104445,-4.36378081480708,4.6105895509428745,8.974370365749955,0.04477079307362974
172,4.15,post,-6.02183269912704,6.065498097381121,-4.363724128143366,4.6067323589293485,8.970456487072713,0.0436653982540805
173,4.175,post,-6.021293647864934,6.063880943594804,-4.363692126899784,4.6029766367996245,8.96666876369941,0.04258729572986937
174,4.2,post,-6.020767905825912,6.062303717477735,-4.363684564799084,4.599284992044444,8.962969556843529,0.04153581165182348
175,4.225,post,-6.020255144404082,6.060765433212248,-4.363701105853305,4.5955369666803225,8.959238072533626,0.04051028880816536
176,4.25,post,-6.0197550431068665,6.059265129320601,-4.363741337849725,4.591894326189275,8.955635664039,0.039510086213734114
177,4.275,post,-6.019267289354675,6.057801868064024,-4.363804784218887,4.588355486865262,8.95216027108415,0.038534578709348864
178,4.3,post,-6.018791578285533,6.056374734856596,-4.363890914474225,4.584918614606106,8.94880952908033,0.037583156571063904
179,4.325,post,-6.018327612564536,6.054982837693607,-4.363999153391767,4.581581682997397,8.945580836389164,0.03665522512907138
180,4.3500000000000005,post,-6.017875102198007,6.05362530659402,-4.3641288890789784,4.578342521750752,8.94247141082973,0.03575020439601333
181,4.375,post,-6.017433764352235,6.052301293056706,-4.364279480064358,4.575198856786813,8.93947833685117,0.03486752870447068
182,4.4,post,-6.017003323176701,6.051009969530104,-4.364450261523678,4.572148343197359,8.936598604721038,0.03400664635340265
183,4.425,post,-6.016583509631658,6.0497505288949736,-4.364640550744846,4.569188592204054,8.9338291429489,0.03316701926331575
184,4.45,post,-6.0161740613199735,6.04852218395992,-4.364849651921017,4.566317193093476,8.931166845014493,0.032348122639946505
185,4.4750000000000005,post,-6.0157747223231235,6.047324166969372,-4.365076860350728,4.5635316566324216,8.92860851698315,0.031549444646247954
186,4.5,post,-6.015385243041238,6.046155729123712,-4.365321466114252,4.560826099308934,8.926147565423186,0.03077048608247485
187,4.525,post,-6.015005380037084,6.045016140111252,-4.365582757287041,4.558180726039703,8.923763483326745,0.03001076007416758
188,4.55,post,-6.01463489588392,6.04390468765176,-4.365860022743727,4.5555654875232525,8.92142551026698,0.029269791767839785
189,4.575,post,-6.01427355901709,6.042820677051269,-4.366152554599778,4.552954613333753,8.919107167933532,0.02854711803417944
190,4.6000000000000005,post,-6.01392114358929,6.041763430767867,-4.366459650332246,4.550333059557861,8.916792709890107,0.027842287178577972
191,4.625,post,-6.013577429329404,6.0407322879882095,-4.366780614616155,4.5475717356689405,8.914352350285096,0.027154858658806458
192,4.65,post,-6.013242201404831,6.0397266042144935,-4.3671147609087555,4.544777143440838,8.911891904349593,0.02648440280966233
193,4.675,post,-6.012915250287207,6.038745750861622,-4.367461412810094,4.541973060507612,8.909434473317706,0.025830500574414692
194,4.7,post,-6.012596371621441,6.03778911486432,-4.367819905225065,4.539167312580443,8.906987217805508,0.02519274324288019
195,4.7250000000000005,post,-6.0122853660979825,6.036856098293949,-4.368189585349203,4.536368253807625,8.904557839156828,0.024570732195965846
196,4.75,post,-6.0119820393282595,6.035946117984778,-4.36856981349793,4.533583957919361,8.902153771417291,0.02396407865651918
197,4.775,post,-6.011686201723165,6.035058605169494,-4.368959963796753,4.530821796951225,8.899781760747977,0.023372403446329765
198,4.8,post,-6.011397668374565,6.034193005123695,-4.369359424747921,4.528088257553119,8.897447682301038,0.022795336749130587
199,4.825,post,-6.011116258939726,6.033348776819176,-4.369767599687352,4.525388895831123,8.895156495518474,0.02223251787945077
200,4.8500000000000005,post,-6.010841797528587,6.032525392585764,-4.37018390714411,4.522728368505828,8.892912275649937,0.021683595057175466
201,4.875,post,-6.010574112593836,6.031722337781507,-4.370607781113341,4.520110502602128,8.890718283715469,0.02114822518767178
202,4.9,post,-6.010313036823671,6.0309391104710155,-4.371038671252438,4.517538381392797,8.888577052645235,0.020626073647343538
203,4.925,post,-6.01005840703724,6.030175221111721,-4.371476043009126,4.515014433904877,8.886490476914004,0.02011681407448053
204,4.95,post,-6.009810064082636,6.029430192247908,-4.371919377689229,4.512540521111011,8.884459898800241,0.01962012816527194
205,4.9750000000000005,post,-6.009567852737428,6.028703558212284,-4.372368172471079,4.510118015389336,8.882486187860415,0.019135705474855987
206,5.0,post,-6.009331621611641,6.027994864834922,-4.372821940372768,4.507747871852443,8.880569812225211,0.018663243223281875
207,5.025,post,-6.009101223053132,6.0273036691593935,-4.373280210177833,4.505430691285327,8.87871090146316,0.018202446106262423
208,5.05,post,-6.0088765130552995,6.026629539165898,-4.373742526324333,4.503166775044662,8.876909301368993,0.017753026110599267
209,5.075,post,-6.008657351167082,6.025972053501247,-4.3742084487618245,4.500956172571907,8.875164621333731,0.017314702334165256
210,5.1000000000000005,post,-6.008443600405166,6.025330801215497,-4.3746775527802315,4.498734785110004,8.873412337890237,0.016887200810331484
211,5.125,post,-6.008235127168365,6.024705381505094,-4.375149428814221,4.496518337483241,8.871667766297463,0.016470254336729183
212,5.15,post,-6.00803180115412,6.0240954034623595,-4.375623682226329,4.494357256754262,8.869980938980591,0.016063602308239614
213,5.175,post,-6.007833495277054,6.023500485831161,-4.376099933071748,4.492250890389195,8.868350823460943,0.015666990554107307
214,5.2,post,-6.0076400855895375,6.022920256768613,-4.376577815847389,4.490198481598232,8.866776297445622,0.01528017117907512
215,5.2250000000000005,post,-6.00745145120422,6.022354353612663,-4.377056979227573,4.488199189308416,8.86525616853599,0.014902902408441616
216,5.25,post,-6.007267474218472,6.0218024226554165,-4.377537085788482,4.486252105128639,8.863789190917121,0.014534948436944018
217,5.275,post,-6.007088039640687,6.021264118922058,-4.37801781172325,4.484356267749269,8.86237407947252,0.014176079281372222
218,5.3,post,-6.00691303531841,6.020739105955233,-4.378498846549433,4.482510675155418,8.861009521704851,0.013826070636821808
219,5.325,post,-6.0067423518682475,6.020227055604744,-4.378979892810374,4.480714294977346,8.85969418778772,0.013484703736496186
220,5.3500000000000005,post,-6.006575882607485,6.019727647822456,-4.379460665771866,4.478966073253617,8.858426739025482,0.01315176521497022
221,5.375,post,-6.006413523487415,6.0192405704622445,-4.379940893115343,4.477264941841451,8.857205834956794,0.01282704697482989
222,5.4,post,-6.006255173028302,6.018765519084907,-4.38042031462872,4.475609824673619,8.856030139302339,0.012510346056604628
223,5.425,post,-6.006100732255955,6.018302196767866,-4.3808986818958795,4.473999643031327,8.854898324927206,0.01220146451191106
224,5.45,post,-6.005950104639864,6.017850313919593,-4.381375757985709,4.472433319977192,8.8538090779629,0.011900209279728801
225,5.4750000000000005,post,-6.005803196032866,6.017409588098597,-4.381851317141478,4.470909784070889,8.852761101212366,0.011606392065731044
226,5.5,post,-6.005659914612297,6.016979743836892,-4.382325144471286,4.469427972471814,8.851753116943101,0.011319829224594485
227,5.525,post,-6.005520170822607,6.016560512467822,-4.382797035640214,4.467986833517708,8.850783869157922,0.011040341645214995
228,5.55,post,-6.005383877319378,6.016151631958136,-4.383266796564738,4.46658532885505,8.849852125419787,0.01076775463875737
229,5.575,post,-6.0052509489147345,6.015752846744204,-4.3837342431099255,4.465222435185986,8.848956678295911,0.010501897829469121
230,5.6000000000000005,post,-6.0051213025240955,6.015363907572285,-4.384199200789864,4.4638971456871115,8.848096346476975,0.010242605048190068
231,5.625,post,-6.004994857114246,6.014984571342737,-4.384661504471684,4.46260847114746,8.847269975619145,0.009989714228491216
232,5.65,post,-6.004871533652689,6.014614600958066,-4.385120998083568,4.461355440866241,8.846476438949809,0.00974306730537795
233,5.675,post,-6.004751255058247,6.014253765174741,-4.385577534327007,4.460137103345077,8.845714637672085,0.00950251011649429
234,5.7,post,-6.004633946152883,6.01390183845865,-4.386030974393588,4.458952526804608,8.844983501198197,0.009267892305766386
235,5.7250000000000005,post,-6.004519533614713,6.013558600844138,-4.386481187686541,4.45780079955106,8.8442819872376,0.009039067229425074
236,5.75,post,-6.004407945932175,6.013223837796523,-4.3869280515472235,4.456681030214841,8.843609081762065,0.008815891864348753
237,5.775,post,-6.004299113359334,6.012897340078004,-4.38737145098672,4.455592347880132,8.842963798866851,0.008598226718669276
238,5.8,post,-6.004192967872292,6.012578903616877,-4.3878112784226815,4.454533902121798,8.84234518054448,0.00838593574458499
239,5.825,post,-6.004089443126664,6.01226832937999,-4.388247433421527,4.453504862963718,8.841752296385245,0.008178886253326436
240,5.8500000000000005,post,-6.003988474416111,6.011965423248332,-4.388679822446091,4.4525044207706665,8.841184243216757,0.007976948832221546
241,5.875,post,-6.003889998631904,6.011669995895713,-4.389108358608781,4.451531786084239,8.840640144693019,0.007779997263808511
242,5.9,post,-6.0037939542234735,6.011381862670419,-4.389532961430307,4.450586189411856,8.840119150842163,0.0075879084469457495
243,5.925,post,-6.003700281159935,6.011100843479804,-4.389953556603998,4.449649590423512,8.83960314702751,0.007400562319869701
244,5.95,post,-6.003608920892576,6.010826762677729,-4.3903700757657464,4.448709476973922,8.839079552739669,0.007217841785152312
245,5.9750000000000005,post,-6.0035198163182555,6.0105594489547665,-4.390782456269569,4.447795536788903,8.838577993058472,0.007039632636511325
246,6.0,post,-6.003432911743714,6.010298735231141,-4.39119064096877,4.44690703796515,8.83809767893392,0.006865823487427642
247,6.025,post,-6.003348152850763,6.010044458552287,-4.391594578002714,4.446043268263987,8.837637846266702,0.006696305701525112
248,6.05,post,-6.003265486662335,6.009796459987004,-4.391994220589144,4.445203534714549,8.837197755303693,0.006530973324669278
249,6.075,post,-6.0031848615093715,6.009554584528114,-4.3923895268220425,4.444387163207179,8.836776690029222,0.006369723018742583
250,6.1000000000000005,post,-6.003106226998527,6.009318680995582,-4.392780459474954,4.443593498079979,8.836373957554933,0.006212453997054674
251,6.125,post,-6.003029533980674,6.009088601942021,-4.3931669858097395,4.44282190170099,8.83598888751073,0.006059067961347456
252,6.15,post,-6.002954734520178,6.008864203560534,-4.393549077390692,4.442071754048127,8.83562083143882,0.005909469040355476
253,6.175,post,-6.002881781864941,6.008645345594825,-4.393926709903953,4.441342452288697,8.835269162192649,0.005763563729883257
254,6.2,post,-6.002810630417181,6.008431891251543,-4.394299862982145,4.4406334103600384,8.834933273342184,0.00562126083436213
255,6.2250000000000005,post,-6.002741235704925,6.008223707114776,-4.394668520034163,4.439944058552612,8.834612578586775,0.00548247140985004
256,6.25,post,-6.00267355435422,6.008020663062658,-4.395032668080034,4.43927384309664,8.834306511176674,0.005347108708438692
257,6.275,post,-6.002607544062016,6.00782263218605,-4.395392297590756,4.438622225753235,8.834014523343992,0.005215088124033272
258,6.3,post,-6.002543163569735,6.007629490709206,-4.395747402333049,4.4379886834108015,8.833736085743851,0.005086327139470892
259,6.325,post,-6.002480372637472,6.007441117912417,-4.396097979218909,4.437372707687353,8.833470686906262,0.004960745274944677
260,6.3500000000000005,post,-6.002419132018851,6.007257396056552,-4.396444028159887,4.436773804539284,8.83321783269917,0.00483826403770126
261,6.375,post,-6.002359403436491,6.00707821030947,-4.396785551925996,4.436191493877022,8.832977045803018,0.004718806872980259
262,6.4,post,-6.0023011495580825,6.006903448674247,-4.397122556009157,4.4356253091879125,8.83274786519707,0.0046022991161650696
263,6.425,post,-6.002244333973057,6.006733001919172,-4.3974550484910795,4.435074797166603,8.832529845657682,0.0044886679461150275
264,6.45,post,-6.002188921169824,6.006566763509475,-4.39778303991549,4.434539517353123,8.832322557268613,0.004377842339649845
265,6.4750000000000005,post,-6.002134876513579,6.006404629540737,-4.398106543164613,4.434019041778833,8.832125584943446,0.0042697530271578014
266,6.5,post,-6.002082166224651,6.00624649867395,-4.398425573339802,4.433512954620309,8.831938527960112,0.00416433244929998
267,6.525,post,-6.002030757357392,6.006092272072175,-4.398740147646218,4.433020851861248,8.831760999507466,0.004061514714783493
268,6.55,post,-6.001980617779588,6.005941853338766,-4.399050285281488,4.432542340962403,8.831592626243891,0.003961235559177267
269,6.575,post,-6.001931716152373,6.005795148457117,-4.399356007328206,4.432077040539539,8.831433047867744,0.003863432304744683
270,6.6000000000000005,post,-6.001884021910635,6.005652065731902,-4.3996573366502165,4.43162458004938,8.831281916699597,0.0037680438212679556
271,6.625,post,-6.00183750524392,6.005512515731759,-4.399954297792569,4.431184599483483,8.831138897276052,0.003675010487839752
272,6.65,post,-6.001792137077799,6.005376411233397,-4.400234934352786,4.430756749069965,8.83099168342275,0.0035842741555981886
273,6.675,post,-6.00174788905569,6.005243667167073,-4.400509245684185,4.430340688982987,8.830849934667171,0.0034957781113818948
274,6.7,post,-6.001704733521142,6.0051142005634235,-4.4007794771720885,4.429936089059898,8.830715566231987,0.0034094670422824464
275,6.7250000000000005,post,-6.001662643500536,6.004987930501608,-4.401045657787422,4.429542628525899,8.830588286313322,0.0033252870010719933
276,6.75,post,-6.001621592686242,6.004864778058727,-4.401307817672175,4.429159995726134,8.83046781339831,0.0032431853724844842
277,6.775,post,-6.001581555420165,6.004744666260494,-4.40156598806326,4.428787887865031,8.830353875928292,0.003163110840329417
278,6.8,post,-6.001542506677709,6.004627520033126,-4.40182020121925,4.428426010752798,8.830246211972048,0.003085013355417549
279,6.825,post,-6.001504422052139,6.004513266156418,-4.402070490349944,4.428074078558885,8.830144568908828,0.003008844104278521
280,6.8500000000000005,post,-6.001467277739326,6.004401833217977,-4.4023168895486675,4.427731813572304,8.830048703120973,0.002934555478650852
281,6.875,post,-6.0014310505228625,6.004293151568588,-4.402559433727225,4.42739894596862,8.829958379695846,0.002862101045725224
282,6.9,post,-6.001395717759561,6.004187153278684,-4.402798158553432,4.427075213583486,8.82987337213692,0.0027914355191224673
283,6.925,post,-6.001361257365295,6.004083772095882,-4.40303310039115,4.426760361692562,8.829793462083712,0.002722514730588097
284,6.95,post,-6.001327647801193,6.003982943403579,-4.403264296242735,4.426454142797646,8.82971843904038,0.0026552956023857166
285,6.9750000000000005,post,-6.001294868060186,6.003884604180558,-4.403491783693851,4.426156316418902,8.829648100112752,0.002589736120372032
286,7.0,post,-6.001262897653868,6.003788692961605,-4.403715600860548,4.425866648892987,8.829582249753535,0.0025257953077366425
287,7.025,post,-6.001231716599695,6.003695149799085,-4.4039357863385575,4.425584913176966,8.829520699515523,0.0024634331993902015
288,7.05,post,-6.001201305408492,6.003603916225477,-4.4041523791547155,4.4253108886578305,8.829463267812546,0.0024026108169849314
289,7.075,post,-6.001171645072276,6.0035149352168276,-4.404365418720464,4.425044360967508,8.829409779687971,0.002343290144551895
290,7.1000000000000005,post,-6.001142717052369,6.0034281511571095,-4.4045749447873455,4.424785121803183,8.829360066590528,0.002285434104739767
291,7.125,post,-6.00111450326782,6.003343509803461,-4.404780997404445,4.424532968752803,8.829313966157248,0.0022290065356402942
292,7.15,post,-6.001086986084093,6.0032609582522785,-4.4049836168777015,4.424287705125637,8.829271322003338,0.002173972168185914
293,7.175,post,-6.001060148302052,6.0031804449061585,-4.405182843731032,4.424049139787721,8.829231983518753,0.002120296604105448
294,7.2,post,-6.001033973147212,6.003101919441637,-4.405378718669211,4.423817087002084,8.829195805671295,0.0020679462944240556
295,7.2250000000000005,post,-6.001008444259247,6.0030253327777405,-4.405571282542442,4.423591366273605,8.829162648816048,0.0020168885184940408
296,7.25,post,-6.0009835456817715,6.0029506370453145,-4.405760576312568,4.423371802198368,8.829132378510936,0.001967091363543378
297,7.275,post,-6.000959261852365,6.002877785557094,-4.40594664102086,4.423158224317403,8.829104865338262,0.0019185237047291853
298,7.3,post,-6.000935577592841,6.0028067327785255,-4.406129517757332,4.422950466974677,8.829079984732008,0.0018711551856836924
299,7.325,post,-6.000912478099771,6.002737434299311,-4.406309247631534,4.422748369179214,8.829057616810747,0.0018249561995405206
300,7.3500000000000005,post,-6.000889948935215,6.002669846805644,-4.4064858717447635,4.422551774471228,8.82903764621599,0.0017798978704294257
301,7.375,post,-6.000867976017714,6.0026039280531425,-4.406659431163651,4.4223605307921625,8.829019961955813,0.00173595203542794
302,7.4,post,-6.00084654561348,6.002539636840438,-4.4068299668950655,4.422174490358504,8.82900445725357,0.0016930912269586301
303,7.425,post,-6.0008256443278105,6.0024769329834315,-4.406997519862305,4.421993509539276,8.828991029401582,0.0016512886556209634
304,7.45,post,-6.000805259096723,6.00241577729017,-4.4071621308825035,4.421817448737105,8.82897957961961,0.001610518193447066
305,7.4750000000000005,post,-6.000785377178786,6.002356131536357,-4.407323840645241,4.421646172272746,8.828970012917988,0.0015707543575708873
306,7.5,post,-6.000765986147151,6.002297958441451,-4.407482689692279,4.42147954827298,8.828962237965259,0.0015319722943005819
307,7.525,post,-6.000747073881793,6.002241221645376,-4.407638718398406,4.4213174485617674,8.828956166960173,0.0014941477635841435
308,7.55,post,-6.000728628561929,6.002185885685788,-4.407791966953342,4.4211597485545795,8.828951715507921,0.0014572571238585816
309,7.575,post,-6.000710638658636,6.00213191597591,-4.4079424753446546,4.421006327155806,8.82894880250046,0.0014212773172731744
310,7.6000000000000005,post,-6.000693092927639,6.002079278782917,-4.408090283341671,4.4208570666591465,8.828947350000817,0.0013861858552775645
311,7.625,post,-6.000675980402282,6.0020279412068485,-4.408235430480314,4.420711852650906,8.828947283131221,0.0013519608045656803
312,7.65,post,-6.000659290386683,6.00197787116005,-4.4083779560488665,4.4205705739160965,8.828948529964963,0.001318580773366708
313,7.675,post,-6.000643012449037,6.001929037347112,-4.4085178990745915,4.420433122347279,8.82895102142187,0.0012860248980745349
314,7.7,post,-6.000627136415104,6.001881409245311,-4.4086552983112,4.4202993928560534,8.828954691167255,0.0012542728302073194
315,7.7250000000000005,post,-6.000611652361845,6.001834957085534,-4.40879019222712,4.420169283287114,8.828959475514235,0.0012233047236890281
316,7.75,post,-6.000596550611223,6.0017896518336675,-4.408922618994548,4.4200426943348115,8.828965313329359,0.0011931012224449895
317,7.775,post,-6.000581821724151,6.001745465172456,-4.409052616479224,4.41991952946213,8.828972145941353,0.0011636434483037197
318,7.8,post,-6.000567456494599,6.001702369483796,-4.409180222230947,4.419799694822025,8.828979917052973,0.001134912989197447
319,7.825,post,-6.000553445943827,6.00166033783148,-4.4093054734747446,4.41968309918103,8.828988572655774,0.0011068918876539738
320,7.8500000000000005,post,-6.000539781314787,6.001619343944359,-4.409428407102727,4.419569653845087,8.828998060947814,0.0010795626295726731
321,7.875,post,-6.000526454066638,6.001579362199917,-4.409549059666547,4.419459272587529,8.829008332254077,0.001052908133277599
322,7.9,post,-6.000513455869421,6.0015403676082615,-4.409667467370476,4.41935187157914,8.829019338949617,0.0010269117388408907
323,7.925,post,-6.000500778598835,6.001502335796505,-4.409783666065053,4.4192473693202405,8.829031035385293,0.0010015571976697713
324,7.95,post,-6.000488414331175,6.001465242993526,-4.409897691241287,4.419145686574743,8.829043377816031,0.0009768286623506478
325,7.9750000000000005,post,-6.000476355338372,6.001429066015116,-4.41000957802539,4.419046746306111,8.8290563243315,0.0009527106767439641
326,8.0,post,-6.000464594083161,6.001393782249486,-4.410119361174014,4.418950473615165,8.829069834789179,0.0009291881663236089
