event_index,parent_order_id,u,aggressor_sign,grid_index,log_price,price,filled_quantity
1,0,1.0,1,657,4.412499999999998,82.47539446941282,0.0025553546897927877
1,0,1.0,1,658,4.4375,84.56326902070599,0.00262004257248762
1,0,1.0,1,659,4.462499999999999,86.70399836790475,0.002686367993278088
1,0,1.0,1,660,4.487500000000001,88.89892053653833,0.0027543724055390825
1,0,1.0,1,661,4.512499999999999,91.14940742441229,0.0028240983120148824
1,0,1.0,1,662,4.537499999999998,93.45686565909142,0.0028955892913833632
1,0,1.0,1,663,4.5625,95.82273747708687,0.0029688900254926666
1,0,1.0,1,664,4.587499999999999,98.2485016252999,0.0030440463272873477
1,0,1.0,1,665,4.612500000000001,100.73567428528912,0.003121105169441465
1,0,1.0,1,666,4.637499999999999,103.28581002093067,0.00320011471371649
1,0,1.0,1,667,4.662499999999998,105.90050275007364,0.0032811243410624125
1,0,1.0,1,668,4.6875,108.5813867407896,0.003364184682480817
1,0,1.0,1,669,4.712499999999999,111.33013763284214,0.0034493476506692656
1,0,1.0,1,670,4.737500000000001,114.14847348501904,0.003536666472466721
1,0,1.0,1,671,4.762499999999999,117.0381558489717,0.0036261957221203193
1,0,1.0,1,672,4.787499999999998,120.00099087024513,0.0037179913553942665
1,0,1.0,1,673,4.8125,123.03883041717654,0.0003545082753724071
2,0,1.4000000000000001,1,662,4.537499999999998,93.45686565909142,0.0025264281555414827
2,0,1.4000000000000001,1,663,4.5625,95.82273747708687,0.0025989936817419935
2,0,1.4000000000000001,1,664,4.587499999999999,98.2485016252999,0.0026736977318402074
2,0,1.4000000000000001,1,665,4.612500000000001,100.73567428528912,0.0027505883208666527
2,0,1.4000000000000001,1,666,4.637499999999999,103.28581002093067,0.002829714000070909
2,0,1.4000000000000001,1,667,4.662499999999998,105.90050275007364,0.0029111238855209663
2,0,1.4000000000000001,1,668,4.6875,108.5813867407896,0.0029948676899722473
2,0,1.4000000000000001,1,669,4.712499999999999,111.33013763284214,0.0030809957580202538
2,0,1.4000000000000001,1,670,4.737500000000001,114.14847348501904,0.0031695591045378443
2,0,1.4000000000000001,1,671,4.762499999999999,117.0381558489717,0.003260609456385403
2,0,1.4000000000000001,1,672,4.787499999999998,120.00099087024513,0.003354199297369603
2,0,1.4000000000000001,1,673,4.8125,123.03883041717654,0.0034503819164142407
2,0,1.4000000000000001,1,674,4.837499999999999,126.15357323837195,0.0035492114588948085
2,0,1.4000000000000001,1,675,4.862500000000001,129.34716614948897,0.0036507429810771434
2,0,1.4000000000000001,1,676,4.887499999999999,132.6216052500564,0.0037550325075897738
2,0,1.4000000000000001,1,677,4.912499999999998,135.97893717110463,0.0034438540541564867
3,0,1.8,1,664,4.587499999999999,98.2485016252999,0.002502300487790963
3,0,1.8,1,665,4.612500000000001,100.73567428528912,0.0025777588318161857
3,0,1.8,1,666,4.637499999999999,103.28581002093067,0.0026555124406854747
3,0,1.8,1,667,4.662499999999998,105.90050275007364,0.002735613605675655
3,0,1.8,1,668,4.6875,108.5813867407896,0.0028181151543008984
3,0,1.8,1,669,4.712499999999999,111.33013763284214,0.0029030704733417653
3,0,1.8,1,670,4.737500000000001,114.14847348501904,0.002990533535276884
3,0,1.8,1,671,4.762499999999999,117.0381558489717,0.0030805589281707726
3,0,1.8,1,672,4.787499999999998,120.00099087024513,0.0031732018890581423
3,0,1.8,1,673,4.8125,123.03883041717654,0.0032685183408517355
3,0,1.8,1,674,4.837499999999999,126.15357323837195,0.0033665649327874014
3,0,1.8,1,675,4.862500000000001,129.34716614948897,0.0034673990844068616
3,0,1.8,1,676,4.887499999999999,132.6216052500564,0.0035710790330654887
3,0,1.8,1,677,4.912499999999998,135.97893717110463,0.003677663884939577
3,0,1.8,1,678,4.9375,139.42126035437516,0.003787213669495046
3,0,1.8,1,679,4.962499999999999,142.95072636391376,0.0034248957083371566
4,0,2.2,1,666,4.637499999999999,103.28581002093067,0.002562251086366928
4,0,2.2,1,667,4.662499999999998,105.90050275007364,0.0026414887428937574
4,0,2.2,1,668,4.6875,108.5813867407896,0.002723146265921273
4,0,2.2,1,669,4.712499999999999,111.33013763284214,0.002807278678457939
4,0,2.2,1,670,4.737500000000001,114.14847348501904,0.0028939415848746033
4,0,2.2,1,671,4.762499999999999,117.0381558489717,0.0029831911951386323
4,0,2.2,1,672,4.787499999999998,120.00099087024513,0.003075084352516705
4,0,2.2,1,673,4.8125,123.03883041717654,0.003169678564802095
4,0,2.2,1,674,4.837499999999999,126.15357323837195,0.003267032039109108
4,0,2.2,1,675,4.862500000000001,129.34716614948897,0.003367203720264002
4,0,2.2,1,676,4.887499999999999,132.6216052500564,0.0034702533328083416
4,0,2.2,1,677,4.912499999999998,135.97893717110463,0.003576241426617473
4,0,2.2,1,678,4.9375,139.42126035437516,0.0036852294261235986
4,0,2.2,1,679,4.962499999999999,142.95072636391376,0.0037972796831200607
4,0,2.2,1,680,4.987500000000001,146.56954123087118,0.003912455533110862
4,0,2.2,1,681,5.012499999999999,150.2799668323407,0.0020682443678746174
5,0,2.6,1,666,4.637499999999999,103.28581002093067,0.0025103963688824144
5,0,2.6,1,667,4.662499999999998,105.90050275007364,0.0025888972454656913
5,0,2.6,1,668,4.6875,108.5813867407896,0.002669821542973853
5,0,2.6,1,669,4.712499999999999,111.33013763284214,0.0027532256470648737
5,0,2.6,1,670,4.737500000000001,114.14847348501904,0.002839166540400867
5,0,2.6,1,671,4.762499999999999,117.0381558489717,0.0029277018221445395
5,0,2.6,1,672,4.787499999999998,120.00099087024513,0.0030188897308393295
5,0,2.6,1,673,4.8125,123.03883041717654,0.0031127891707535774
5,0,2.6,1,674,4.837499999999999,126.15357323837195,0.003209459741756378
5,0,2.6,1,675,4.862500000000001,129.34716614948897,0.0033089617727796714
5,0,2.6,1,676,4.887499999999999,132.6216052500564,0.0034113563589079246
5,0,2.6,1,677,4.912499999999998,135.97893717110463,0.003516705402123341
5,0,2.6,1,678,4.9375,139.42126035437516,0.0036250716557212044
5,0,2.6,1,679,4.962499999999999,142.95072636391376,0.0037365187723966097
5,0,2.6,1,680,4.987500000000001,146.56954123087118,0.0038511113559907143
5,0,2.6,1,681,5.012499999999999,150.2799668323407,0.0029199268717990173
6,0,3.0,1,667,4.662499999999998,105.90050275007364,0.0025564968427383944
6,0,3.0,1,668,4.6875,108.5813867407896,0.0026371728557856473
6,0,3.0,1,669,4.712499999999999,111.33013763284214,0.0027203324579745114
6,0,3.0,1,670,4.737500000000001,114.14847348501904,0.002806032914130286
6,0,3.0,1,671,4.762499999999999,117.0381558489717,0.0028943321064931905
6,0,3.0,1,672,4.787499999999998,120.00099087024513,0.0029852885569493243
6,0,3.0,1,673,4.8125,123.03883041717654,0.003078961452715031
6,0,3.0,1,674,4.837499999999999,126.15357323837195,0.0031754106755448146
6,0,3.0,1,675,4.862500000000001,129.34716614948897,0.0032746968345199567
6,0,3.0,1,676,4.887499999999999,132.6216052500564,0.0033768813024618025
6,0,3.0,1,677,4.912499999999998,135.97893717110463,0.0034820262560003347
6,0,3.0,1,678,4.9375,139.42126035437516,0.0035901947193153075
6,0,3.0,1,679,4.962499999999999,142.95072636391376,0.003701450611553865
6,0,3.0,1,680,4.987500000000001,146.56954123087118,0.0038158587979154907
6,0,3.0,1,681,5.012499999999999,150.2799668323407,0.003933485144382145
6,0,3.0,1,682,5.037499999999998,154.08432230510837,0.001971378471519905
