lag,point_d0,point_d1,point_d2,uniform_d1_w0p5
1.00000000000000002e-02,2.79287901697234231e+00,3.87873470093477316e-11,1.03897221349714462e-43,1.52216181386946040e-12
1.01741936618060507e-02,2.76838490053228448e+00,5.89867812785055385e-11,5.70610001392307144e-43,2.35443922438506086e-12
1.03514216667934360e-02,2.74409727592466623e+00,8.90502930722863572e-11,3.04328695473214781e-42,3.61516381396138206e-12
1.05317368712971593e-02,2.72001433453029051e+00,1.33470874595665276e-10,1.57700273593503199e-41,5.51108042758837074e-12
1.07151930523760649e-02,2.69613428304858571e+00,1.98637706687815367e-10,7.94368865195250018e-41,8.34194438022990516e-12
1.09018449238512793e-02,2.67245534336538304e+00,2.93571254601332195e-10,3.89155116367110876e-40,1.25392680967031055e-11
1.10917481526240091e-02,2.64897575242186711e+00,4.30917101865060053e-10,1.85498743589954823e-39,1.87198828057569650e-11
1.12849593752776152e-02,2.62569376208468652e+00,6.28279842244722134e-10,8.60756452232248570e-39,2.77594526291881604e-11
1.14815362149688297e-02,2.60260763901721992e+00,9.10000589698619952e-10,3.88991932628193136e-38,4.08926664695539358e-11
1.16815372986132423e-02,2.57971566455198298e+00,1.30950896264236775e-09,1.71284623902882605e-37,5.98488471567223617e-11
1.18850222743701831e-02,2.55701613456416998e+00,1.87241361543174302e-09,7.35202130211668778e-37,8.70342518640255122e-11
1.20920518294320850e-02,2.53450735934632432e+00,2.66053546546706294e-09,3.07748213365628473e-36,1.25775502881246228e-10
1.23026877081238179e-02,2.51218766348412759e+00,3.75713570104017092e-09,1.25681480901060911e-35,1.80642510193812784e-10
1.25169927303172487e-02,2.49005538573329854e+00,5.27364750197590444e-09,5.00976516901829492e-35,2.57874071402152248e-10
1.27350308101666157e-02,2.46810887889759112e+00,7.35828723491562553e-09,1.94990747378216069e-34,3.65935223040087364e-10
1.29568669751701955e-02,2.44634650970789291e+00,1.02069987644739290e-08,7.41375674784140013e-34,5.16242551464027642e-10
1.31825673855640747e-02,2.42476665870240593e+00,1.40772744748279236e-08,2.75463752046446076e-33,7.24102250339834649e-10
1.34121993540537096e-02,2.40336772010790822e+00,1.93054995621927442e-08,1.00060692761436192e-32,1.00991595139846889e-09
1.36458313658892449e-02,2.38214810172208002e+00,2.63285829399455458e-08,3.55470581114580789e-32,1.40072148658255843e-09
1.38835330992904561e-02,2.36110622479690591e+00,3.57107693058105953e-08,1.23552132623494502e-31,1.93215000610750355e-09
1.41253754462275401e-02,2.34024052392312187e+00,4.81766729122389893e-08,4.20306136621183256e-31,2.65089752972714576e-09
1.43714305335639041e-02,2.31954944691571319e+00,6.46517343963114596e-08,1.39994126569113337e-30,3.61782830235142590e-09
1.46217717445671826e-02,2.29903145470045978e+00,8.63114773180738759e-08,4.56708885216170418e-30,4.91184951205230897e-09
1.48764737407950150e-02,2.27868502120151106e+00,1.14641130027547294e-07,1.45985237437840130e-29,6.63472225030877526e-09
1.51356124843620796e-02,2.25850863322998441e+00,1.51507379814828708e-07,4.57372327735832055e-29,8.91700227451761807e-09
1.53992652605949194e-02,2.23850079037359295e+00,1.99244238102357629e-07,1.40498383585888425e-28,1.19253363668403961e-08
1.56675107010814940e-02,2.21866000488728243e+00,2.60755215193796341e-07,4.23311190287033891e-28,1.58713760285169733e-08
1.59404288071221707e-02,2.19898480158487386e+00,3.39634227612836872e-07,1.25135093092749735e-27,2.10226100124013271e-08
1.62181009735892986e-02,2.17947371773170540e+00,4.40307886468451530e-07,3.63053767979099479e-27,2.77154608248759630e-08
1.65006100132022784e-02,2.16012530293827743e+00,5.68202036990857758e-07,1.03412803748134224e-26,3.63710377942211747e-08
1.67880401812256080e-02,2.14093811905487241e+00,7.29935632127885955e-07,2.89284998829009171e-26,4.75139904933076289e-08
1.70804772005970773e-02,2.12191074006716596e+00,9.33545220954019737e-07,7.94987146837628699e-26,6.17949610103157852e-08
1.73780082874937548e-02,2.10304175199280552e+00,1.18874350911047503e-06,2.14688583051681963e-25,8.00171914645299536e-08
1.76807221773431986e-02,2.08432975277896748e+00,1.50721559654034093e-06,5.69904694375072510e-25,1.03167903829910156e-07
1.79887091512878732e-02,2.06577335220086677e+00,1.90295660998527176e-06,1.48753615766785572e-24,1.32455131996873872e-07
1.83020610631105599e-02,2.04737117176123196e+00,2.39265451638071521e-06,3.81882910517437052e-24,1.69350750380898049e-07
1.86208713666286760e-02,2.02912184459072931e+00,2.99612192063078871e-06,9.64525134293467634e-24,2.15640508449479470e-07
1.89452351435659139e-02,2.01102401534933239e+00,3.73678060954101034e-06,2.39738968311673585e-23,2.73481945326321824e-07
1.92752491319093562e-02,1.99307634012863133e+00,4.64220249548378165e-06,5.86576313592235899e-23,3.45471122051104703e-07
1.96110117547604740e-02,1.97527748635508216e+00,5.74471043169925330e-06,1.41314988851037997e-22,4.34719169907710120e-07
1.99526231496887987e-02,1.95762613269417995e+00,7.08204210972099729e-06,3.35308650203876973e-22,5.44939710150908040e-07
2.03001851985968457e-02,1.94012096895556096e+00,8.69807990291199861e-06,7.83803399659003022e-22,6.80548252027877761e-07
2.06538015581052906e-02,1.92276069599902399e+00,1.06436490842923837e-05,1.80545422850900520e-21,8.46774720689602213e-07
2.10135776904674769e-02,1.90554402564146175e+00,1.29773863188729159e-05,4.09913263777120172e-21,1.04979030283956790e-06
2.13796208950223256e-02,1.88846968056471143e+00,1.57666797092513885e-05,9.17552517812875785e-21,1.29684982415696655e-06
2.17520403401952230e-02,1.87153639422430484e+00,1.90886809586677911e-05,2.02539086466474953e-20,1.59645088703372877e-06
2.21309470960563762e-02,1.85474291075911379e+00,2.30313894102704142e-05,4.40990662718437967e-20,1.95851099837442101e-06
2.25164541674461802e-02,1.83808798490190606e+00,2.76948068291907718e-05,9.47315127677999559e-20,2.39456390357404137e-06
2.29086765276777238e-02,1.82157038189078047e+00,3.31921608213502046e-05,2.00818738984862389e-19,2.91797631284796627e-06
2.33077311528263748e-02,1.80518887738149258e+00,3.96511937379268484e-05,4.20201037094558322e-19,3.54418615849680628e-06
2.37137370566165538e-02,1.78894225736066925e+00,4.72155128073117522e-05,8.68060261145301872e-19,4.29096345526040860e-06
2.41268153259163384e-02,1.77282931805989596e+00,5.60459960793248057e-05,1.77083294315657012e-18,5.17869474965156863e-06
2.45470891568503116e-02,1.75684886587068245e+00,6.63222475733516912e-05,3.56807302337285893e-18,6.23069203728083307e-06
2.49746838915414320e-02,1.74099971726030067e+00,7.82440938084930559e-05,7.10248227557189879e-18,7.47352689916067279e-06
2.54097270554930511e-02,1.72528069868848744e+00,9.20331126767283175e-05,1.39700239748989847e-17,8.93739045855151086e-06
2.58523483956219109e-02,1.70969064652501768e+00,1.07934184417606403e-04,2.71571036377025018e-17,1.06564795891213924e-05
2.63026799189538148e-02,1.69422840696813237e+00,1.26217053284082226e-04,5.21862714835170613e-17,1.26694096133828701e-05
2.67608559319933194e-02,1.67889283596382621e+00,1.47177887373257872e-04,9.91519662299672322e-17,1.50196535182125355e-05
2.72270130807791277e-02,1.66368279912599082e+00,1.71140823052688576e-04,1.86295723565973636e-16,1.77560074827425961e-05
2.77012903916373267e-02,1.64859717165740860e+00,1.98459479462050796e-04,3.46213294266654350e-16,2.09330822643630201e-05
2.81838293126445358e-02,1.63363483827159306e+00,2.29518427730238361e-04,6.36510073844861066e-16,2.46118197226147229e-05
2.86747737558131592e-02,1.61879469311547863e+00,2.64734598837397723e-04,1.15789052550343966e-15,2.88600334803337413e-05
2.91742701400116572e-02,1.60407563969294786e+00,3.04558613486764502e-04,2.08453415934658100e-15,3.37529724287465127e-05
2.96824674346324140e-02,1.58947659078920189e+00,3.49476016947427334e-04,3.71455763093986997e-15,3.93739054807960327e-05
3.01995172040201605e-02,1.57499646839596963e+00,4.00008401599561802e-04,6.55296275666128761e-15,4.58147256675144738e-05
3.07255736526744691e-02,1.56063420363754735e+00,4.56714399869134757e-04,1.14465723207019944e-14,5.31765713586616163e-05
3.12607936712395590e-02,1.54638873669767474e+00,5.20190530387950158e-04,1.98013014100110589e-14,6.15704620741760496e-05
3.18053368832952044e-02,1.53225901674724252e+00,5.91071880563113507e-04,3.39284983436130107e-14,7.11179460404358669e-05
3.23593656929628271e-02,1.51824400187282071e+00,6.70032609290353073e-04,5.75915856679830758e-14,8.19517563381487831e-05
3.29230453333406517e-02,1.50434265900602715e+00,7.57786254298291068e-04,9.68604716936966894e-14,9.42164721901644583e-05
3.34965439157827588e-02,1.49055396385370642e+00,8.55085829562807556e-04,1.61434267013594707e-13,1.08069181650939501e-04
3.40800324800364998e-02,1.47687690082894130e+00,9.62723699376168921e-04,2.66669752650090561e-13,1.23680141687970691e-04
3.46736850452531650e-02,1.46331046298288281e+00,1.08153121698592158e-03,4.36663411535471489e-13,1.41233431392360495e-04
3.52776786618873850e-02,1.44985365193739923e+00,1.21237811722234496e-03,7.08891641262939480e-13,1.60927593823871910e-04
3.58921934645005172e-02,1.43650547781854465e+00,1.35617165419614364e-03,1.14113438518325261e-12,1.82976261788021414e-04
3.65174127254837694e-02,1.42326495919084506e+00,1.51385547695393331e-03,1.82171483163064089e-12,2.07608762661762108e-04
3.71535229097172404e-02,1.41013112299240317e+00,1.68640823790927423e-03,2.88451210639004757e-12,2.35070697232317005e-04
3.78007137301811236e-02,1.39710300447081015e+00,1.87484193090106926e-03,4.53078393617143813e-12,2.65624487393060322e-04
3.84591782045353506e-02,1.38417964711988595e+00,2.08019995784717573e-03,7.06062190307551300e-12,2.99549887452660866e-04
3.91291127126853003e-02,1.37136010261721797e+00,2.30355492513647890e-03,1.09179162038508556e-11,3.37144453760845409e-04
3.98107170553497342e-02,1.35864343076252436e+00,2.54600617311243537e-03,1.67541087280657216e-11,3.78723967337079280e-04
4.05041945136493109e-02,1.34602869941682446e+00,2.80867704422245673e-03,2.55178605283255516e-11,4.24622804208516880e-04
4.12097519097330209e-02,1.33351498444242145e+00,3.09271189761437925e-03,3.85801720336502113e-11,4.75194248221158435e-04
4.19275996684605468e-02,1.32110136964369951e+00,3.39927288013049632e-03,5.79076164552899646e-11,5.30810741183855225e-04
4.26579518801592575e-02,1.30878694670873030e+00,3.72953646575748931e-03,8.63003519300513697e-11,5.91864065338648226e-04
4.34010263644743766e-02,1.29657081515169192e+00,4.08468977761365301e-03,1.27716670673759188e-10,6.58765453322800697e-04
4.41570447353312537e-02,1.28445208225609941e+00,4.46592670847254219e-03,1.87712262595466583e-10,7.31945620997260247e-04
4.49262324670293214e-02,1.27242986301884797e+00,4.87444385761393387e-03,2.74030391590760460e-10,8.11854718762656039e-04
4.57088189614874921e-02,1.26050328009506574e+00,5.31143630344089925e-03,3.97389117817015168e-10,8.98962197266182342e-04
4.65050376166606313e-02,1.24867146374378213e+00,5.77809323278882011e-03,5.72523899055360988e-10,9.93756583719776227e-04
4.73151258961480303e-02,1.23693355177440911e+00,6.27559344916574918e-03,8.19558755426009541e-10,1.09674516540059848e-03
4.81393254000144835e-02,1.22528868949403047e+00,6.80510078328944602e-03,1.16579710382605170e-09,1.20845357728710284e-03
4.89778819368446097e-02,1.21373602965551575e+00,7.36775943021681506e-03,1.64804480849882720e-09,1.32942529119649982e-03
4.98310455970529531e-02,1.20227473240643690e+00,7.96468923808942193e-03,2.31560341845908585e-09,1.46022100423018179e-03
5.06990708274704452e-02,1.19090396523881159e+00,8.59698097403667656e-03,3.23410144584696052e-09,1.60141792480003229e-03
5.15822165072305563e-02,1.17962290293965877e+00,9.26569159308863327e-03,4.49036635087147381e-09,1.75360895499932835e-03
5.24807460249772581e-02,1.16843072754236954e+00,9.97183953604806501e-03,6.19858008528884917e-09,1.91740176859344670e-03
5.33949273574176667e-02,1.15732662827890453e+00,1.07164000821625867e-02,8.50800701066579725e-09,2.09341778443604713e-03
5.43250331492433070e-02,1.14630980153280504e+00,1.15003007821253642e-02,1.16126350866958808e-08,2.28229103566292757e-03
5.52713407944434854e-02,1.13537945079302993e+00,1.23244169964230980e-02,1.57631296623166559e-08,2.48466693557525568e-03
5.62341325190349045e-02,1.12453478660861417e+00,1.31895675633524889e-02,2.12815641204845819e-08,2.70120094169332050e-03
5.72136954652326182e-02,1.11377502654415528e+00,1.40965106201506700e-02,2.85794629964242961e-08,2.93255712003893595e-03
5.82103217770871539e-02,1.10309939513612010e+00,1.50459395996428210e-02,3.81797707960312352e-08,3.17940661228443937e-03
5.92243086876130531e-02,1.09250712384998883e+00,1.60384794236138849e-02,5.07434431587028115e-08,3.44242600898701095e-03
6.02559586074357806e-02,1.08199745103821887e+00,1.70746829127780310e-02,6.71014455661335544e-08,3.72229563270470463e-03
6.13055792149820797e-02,1.07156962189905092e+00,1.81550274317583415e-02,8.82930375533838931e-08,4.01969773536093363e-03
6.23734835482419175e-02,1.06122288843614032e+00,1.92799117859240900e-02,1.15611316094943086e-07,4.33531461478487996e-03
6.34599900981286796e-02,1.05095650941902830e+00,2.04496533852724198e-02,1.50657088969129648e-07,4.66982665590169252e-03
6.45654229034655636e-02,1.04076975034445107e+00,2.16644856888062003e-02,1.95402245580237561e-07,5.02391030257502529e-03
6.56901116476266145e-02,1.03066188339848863e+00,2.29245559410677022e-02,2.52263886746986152e-07,5.39823596661195837e-03
6.68343917568614554e-02,1.02063218741955164e+00,2.42299232106507299e-02,3.24190563840175710e-07,5.79346588092275946e-03
6.79986045003322381e-02,1.01067994786221949e+00,2.55805567386517101e-02,4.14762058567252291e-07,6.21025190428137544e-03
6.91830970918936305e-02,1.00080445676191809e+00,2.69763346031501247e-02,5.28304204585721472e-07,6.64923328555415503e-03
7.03882227936456772e-02,9.91005012700449495e-01,2.84170427039406280e-02,6.70020307685556084e-07,7.11103439565053189e-03
7.16143410212902037e-02,9.81280920772370724e-01,2.99023740698923374e-02,8.46140759048394571e-07,7.59626243579553453e-03
7.28618174513227385e-02,9.71631492552227694e-01,3.14319284894985854e-02,1.06409245250113417e-06,8.10550513102998790e-03
7.41310241300917744e-02,9.62056046062639170e-01,3.30052124634128558e-02,1.33268960814047783e-06,8.63932841810436183e-03
7.54223395847570671e-02,9.52553905743246498e-01,3.46216394760565579e-02,1.66234756768250402e-06,9.19827413714439761e-03
7.67361489361818999e-02,9.43124402420511765e-01,3.62805305817485504e-02,2.06532105801596222e-06,9.78285773663187946e-03
7.80728440137906932e-02,9.33766873278387699e-01,3.79811152992393028e-02,2.55596831559408828e-06,1.03935660013534641e-02
7.94328234724281379e-02,9.24480661829846562e-01,3.97225328070640385e-02,3.15104232274257048e-06,1.10308548130313711e-02
8.08164929112537150e-02,9.15265117889273339e-01,4.15038334307464493e-02,3.87001022540937985e-06,1.16951469533526139e-02
8.22242649947071136e-02,9.06119597545731348e-01,4.33239804116055879e-02,4.73540177863432678e-06,1.23868299590630324e-02
8.36565595755809910e-02,8.97043463137095043e-01,4.51818519457470869e-02,5.77318740004013759e-06,1.31062540386868067e-02
8.51138038202376296e-02,8.88036083225053674e-01,4.70762434807535171e-02,7.01318610267119041e-06,1.38537300602688679e-02
8.65964323360065291e-02,8.79096832570990805e-01,4.90058702566383494e-02,8.48950322709892895e-06,1.46295276193220223e-02
8.81048873008013766e-02,8.70225092112738685e-01,5.09693700767898522e-02,1.02409975003435588e-05,1.54338731958888632e-02
8.96396185949950158e-02,8.61420248942207034e-01,5.29653062939075478e-02,1.23117765182383764e-05,1.62669484093054748e-02
9.12010839355909680e-02,8.52681696283894675e-01,5.49921709953252527e-02,1.47517192817713528e-05,1.71288883788784652e-02
9.27897490127330693e-02,8.44008833474275355e-01,5.70483883716196571e-02,1.76170239210279198e-05,1.80197801982649071e-02
9.44060876285923584e-02,8.35401065942068755e-01,5.91323182520172019e-02,2.09707782179293215e-05,1.89396615308744139e-02
9.60505818386730437e-02,8.26857805189392780e-01,6.12422597898360510e-02,2.48835499972220199e-05,1.98885193330999716e-02
9.77237220955810698e-02,8.18378468773793721e-01,6.33764552810323761e-02,2.94339939011751075e-05,2.08662887116345154e-02
9.94260073952956819e-02,8.09962480291166353e-01,6.55330940988423094e-02,3.47094705049505751e-05,2.18728519205379397e-02
1.01157945425989826e-01,8.01609269359553234e-01,6.77103167275462797e-02,4.08066731750844847e-05,2.29080375031039604e-02
1.02920052719442809e-01,7.93318271603827063e-01,6.99062188784917299e-02,4.78322575318322976e-05,2.39716195829243056e-02
1.04712854805089961e-01,7.85088928641259787e-01,7.21188556717191342e-02,5.59034678565839966e-05,2.50633173078782107e-02
1.06536886366756289e-01,7.76920688067971876e-01,7.43462458668172343e-02,6.51487542975888337e-05,2.61827944500850444e-02
1.08392691402120336e-01,7.68813003446263132e-01,7.65863761269929832e-02,7.57083742802932555e-05,2.73296591641519482e-02
1.10280823384955193e-01,7.60765334292828110e-01,7.88372053007649759e-02,8.77349711319809538e-05,2.85034639053349803e-02
1.12201845430196359e-01,7.52777146067847402e-01,8.10966687061816238e-02,1.01394122593066109e-04,2.97037055085137870e-02
1.14156330461884531e-01,7.44847910164958882e-01,8.33626824030042762e-02,1.16864851617665030e-04,3.09298254281598142e-02
1.16144861384034265e-01,7.36977103902102471e-01,8.56331474388919989e-02,1.34340091671710822e-04,3.21812101387649943e-02
1.18168031254478362e-01,7.29164210513240429e-01,8.79059540562573682e-02,1.54027098624608041e-04,3.34571916944909550e-02
1.20226443461741314e-01,7.21408719140944510e-01,9.01789858471396116e-02,1.76147801306109281e-04,3.47570484461099602e-02
1.22320711904993135e-01,7.13710124829851744e-01,9.24501238441405165e-02,2.00939082868228388e-04,3.60800059126329051e-02
1.24451461177138498e-01,7.06067928520980215e-01,9.47172505362013223e-02,2.28652985256066544e-04,3.74252378043686204e-02
1.26619326751094441e-01,6.98481637046902470e-01,9.69782537987438908e-02,2.59556829353229247e-04,3.87918671935332873e-02
1.28824955169313360e-01,6.90950763127773704e-01,9.92310307284643422e-02,2.93933243727775774e-04,4.01789678279305187e-02
1.31069004236607667e-01,6.83474825368200034e-01,1.01473491373836364e-01,3.32080095362274614e-04,4.15855655826600085e-02
1.33352143216332403e-01,6.76053348254954667e-01,1.03703562353157641e-01,3.74310316304283586e-04,4.30106400442799366e-02
1.35675053029986170e-01,6.68685862155519173e-01,1.05919190352747564e-01,4.20951620817547464e-04,4.44531262213601897e-02
1.38038426460288438e-01,6.61371903317454324e-01,1.08118345498673940e-01,4.72346108344094445e-04,4.59119163749085804e-02
1.40442968357794740e-01,6.54111013868584168e-01,1.10299024596148168e-01,5.28849748396741570e-04,4.73858619617434570e-02
1.42889395851110296e-01,6.46902741817989346e-01,1.12459254231475569e-01,5.90831744382332570e-04,4.88737756835187151e-02
1.45378438560766127e-01,6.39746641057794774e-01,1.14597093732184310e-01,6.58673774299514724e-04,5.03744336337852011e-02
1.47910838816820711e-01,6.32642271365742803e-01,1.16710637981667725e-01,7.32769107250910929e-04,5.18865775351927266e-02
1.50487351880251363e-01,6.25589198408541658e-01,1.18798020085368883e-01,8.13521595747485190e-04,5.34089170587081982e-02
1.53108746168203025e-01,6.18586993745973035e-01,1.20857413886209117e-01,9.01344544851372348e-04,5.49401322165350633e-02
1.55775803483160197e-01,6.11635234835745667e-01,1.22887036327602436e-01,9.96659460290233012e-04,5.64788758202812782e-02
1.58489319246111343e-01,6.04733505039081409e-01,1.24885149663017517e-01,1.09989467876941039e-03,5.80237759958241034e-02
1.61250102733774159e-01,5.97881393627017421e-01,1.26850063511635913e-01,1.21148388479513295e-03,5.95734387462685464e-02
1.64058977319953864e-01,5.91078495787405567e-01,1.28780136760213770e-01,1.33186451939068312e-03,6.11264505543867784e-02
1.66916780721105718e-01,5.84324412632592050e-01,1.30673779311781618e-01,1.46147608712549537e-03,6.26813810159572299e-02
1.69824365246174419e-01,5.77618751207758852e-01,1.32529453682310783e-01,1.60075836887311270e-03,6.42367854954918188e-02
1.72782598050786357e-01,5.70961124499903439e-01,1.34345676446941314e-01,1.75014954865667814e-03,6.57912077959535851e-02
1.75792361395869207e-01,5.64351151447436528e-01,1.36121019537794846e-01,1.91008426381963415e-03,6.73431828342078848e-02
1.78854552910777120e-01,5.57788456950373601e-01,1.37854111395796286e-01,2.08099158856534698e-03,6.88912393141325602e-02
1.81970085860998360e-01,5.51272671881096188e-01,1.39543637979292867e-01,2.26329296163342748e-03,7.04339023895228927e-02
1.85139889420527115e-01,5.44803433095655265e-01,1.41188343632596719e-01,2.45740006951579177e-03,7.19696963091676217e-02
1.88364908948980003e-01,5.38380383445588140e-01,1.42787031817877552e-01,2.66371269715488324e-03,7.34971470367393742e-02
1.91646106273538619e-01,5.32003171790221940e-01,1.44338565714104639e-01,2.88261655850527605e-03,7.50147848384345728e-02
1.94984459975804547e-01,5.25671453009430190e-01,1.45841868686982179e-01,3.11448111967437555e-03,7.65211468316093629e-02
1.98380965683650518e-01,5.19384888016809709e-01,1.47295924634031627e-01,3.35965742758485885e-03,7.80147794879949147e-02
2.01836636368156075e-01,5.13143143773242771e-01,1.48699778209160943e-01,3.61847595722011948e-03,7.94942410854168752e-02
2.05352502645714613e-01,5.06945893300810302e-01,1.50052534931217535e-01,3.89124449052376514e-03,8.09581041023133274e-02
2.08929613085403865e-01,5.00792815697014948e-01,1.51353361181153168e-01,4.17824603992663756e-03,8.24049575497165093e-02
2.12569034521710665e-01,4.94683596149272986e-01,1.52601484092533712e-01,4.47973682927159389e-03,8.38334092357461841e-02
2.16271852372701995e-01,4.88617925949636933e-01,1.53796191340208693e-01,4.79594434460108368e-03,8.52420879580526730e-02
2.20039170963739872e-01,4.82595502509699070e-01,1.54936830832016620e-01,5.12706546687022226e-03,8.66296456200442710e-02
2.23872113856833893e-01,4.76616029375632078e-01,1.56022810308435594e-01,5.47326469815227756e-03,8.79947592671227741e-02
2.27771824185732191e-01,4.70679216243317156e-01,1.57053596855110972e-01,5.83467249232278579e-03,8.93361330395559400e-02
2.31739464996847860e-01,4.64784778973509449e-01,1.58028716333185465e-01,6.21138370054683669e-03,9.06525000389985236e-02
2.35776219596125464e-01,4.58932439606984155e-01,1.58947752732340880e-01,6.60345614116228125e-03,9.19426241060748994e-02
2.39883291901948986e-01,4.53121926379611573e-01,1.59810347451423584e-01,7.01090930275368937e-03,9.32053015068091267e-02
2.44061906804198009e-01,4.47352973737298543e-01,1.60616198511474489e-01,7.43372318836041726e-03,9.44393625260727398e-02
2.48313310529557046e-01,4.41625322350739202e-01,1.61365059705919800e-01,7.87183730786189528e-03,9.56436729665832847e-02
2.52638771013189545e-01,4.35938719129908225e-01,1.62056739692600177e-01,8.32514982464606888e-03,9.68171355523476246e-02
2.57039578276886338e-01,4.30292917238231543e-01,1.62691101032227253e-01,8.79351686169980128e-03,9.79586912357865297e-02
2.61517044813799726e-01,4.24687676106367873e-01,1.63268059177754998e-01,9.27675197127238518e-03,9.90673204081114617e-02
2.66072505979880969e-01,4.19122761445524572e-01,1.63787581419046063e-01,9.77462577126455776e-03,1.00142044012846418e-01
2.70707320392135631e-01,4.13597945260238298e-01,1.64249685787092037e-01,1.02868657504924608e-02,1.01181924562688472e-01
2.75422870333816627e-01,4.08113005860539613e-01,1.64654439921925827e-01,1.08131562439788276e-02,1.02186067060195368e-01
2.80220562166674680e-01,4.02667727873423698e-01,1.65001959908227858e-01,1.13531385784385024e-02,1.03153619823061121e-01
2.85101826750390808e-01,3.97261902253542409e-01,1.65292409082495151e-01,1.19064113871612098e-02,1.04083775214997037e-01
2.90068119869315300e-01,3.91895326293030755e-01,1.65525996815497456e-01,1.24725310925565998e-02,1.04975770283483080e-01
2.95120922666638530e-01,3.86567803630381956e-01,1.65702977273601920e-01,1.30510125537219406e-02,1.05828887305874086e-01
3.00261742086126771e-01,3.81279144258273861e-01,1.65823648162397336e-01,1.36413298755287734e-02,1.06642454245556947e-01
3.05492111321551241e-01,3.76029164530255200e-01,1.65888349455900197e-01,1.42429173749028196e-02,1.07415845120047052e-01
3.10813590273947504e-01,3.70817687166189680e-01,1.65897462114472483e-01,1.48551706992006548e-02,1.08148480283085310e-01
3.16227766016837941e-01,3.65644541256359590e-01,1.65851406794427780e-01,1.54774480908664892e-02,1.08839826622956631e-01
3.21736253269559735e-01,3.60509562264120065e-01,1.65750642552149996e-01,1.61090717918903892e-02,1.09489397679392655e-01
3.27340694878838101e-01,3.55412592026997209e-01,1.65595665545396231e-01,1.67493295809843928e-02,1.10096753681546686e-01
3.33042762308746298e-01,3.50353478756120218e-01,1.65387007734303537e-01,1.73974764358492268e-02,1.10661501509639534e-01
3.38844156139202546e-01,3.45332077033869089e-01,1.65125235584468566e-01,1.80527363124237880e-02,1.11183294582969092e-01
3.44746606573149261e-01,3.40348247809621862e-01,1.64810948774319871e-01,1.87143040325902718e-02,1.11661832677057260e-01
3.50751873952567961e-01,3.35401858393480135e-01,1.64444778908858225e-01,1.93813472714534536e-02,1.12096861672769429e-01
3.56861749283481133e-01,3.30492782447847300e-01,1.64027388241692884e-01,2.00530086350198741e-02,1.12488173240302178e-01
3.63078054770101410e-01,3.25620899976732270e-01,1.63559468407163566e-01,2.07284078188740700e-02,1.12835604460960276e-01
3.69402644358283350e-01,3.20786097312648011e-01,1.63041739164197563e-01,2.14066438382788764e-02,1.13139037389682243e-01
3.75837404288444143e-01,3.15988267100968279e-01,1.62474947153417287e-01,2.20867973200192941e-02,1.13398398561279201e-01
3.82384253658112627e-01,3.11227308281610437e-01,1.61859864668883191e-01,2.27679328462562433e-02,1.13613658443357982e-01
3.89045144994280501e-01,3.06503126067898757e-01,1.61197288445728032e-01,2.34491013406617141e-02,1.13784830838888754e-01
3.95822064835722409e-01,3.01815631922467964e-01,1.60488038464815075e-01,2.41293424871615141e-02,1.13911972241362194e-01
4.02717034325459078e-01,2.97164743530061726e-01,1.59732956775435642e-01,2.48076871717189881e-02,1.13995181145449709e-01
4.09732109813541523e-01,2.92550384767074512e-01,1.58932906336941737e-01,2.54831599377446268e-02,1.14034597316046163e-01
4.16869383470335308e-01,2.87972485667689460e-01,1.58088769880103730e-01,2.61547814459134574e-02,1.14030401018531596e-01
4.24130983910488146e-01,2.83430982386453811e-01,1.57201448788871267e-01,2.68215709294073040e-02,1.13982812213031304e-01
4.31519076827765247e-01,2.78925817157141431e-01,1.56271862003117906e-01,2.74825486358721942e-02,1.13892089715402503e-01
4.39035865640944489e-01,2.74456938247738647e-01,1.55300944942848324e-01,2.81367382476867371e-02,1.13758530327604857e-01
4.46683592150963038e-01,2.70024299911396648e-01,1.54289648454256245e-01,2.87831692724727500e-02,1.13582467940047546e-01
4.54464537209508690e-01,2.65627862333188247e-01,1.53238937777931239e-01,2.94208793961400240e-02,1.13364272608426755e-01
4.62381021399260350e-01,2.61267591572502955e-01,1.52149791539427620e-01,3.00489167911418692e-02,1.13104349607491633e-01
4.70435405725975975e-01,2.56943459500918403e-01,1.51023200762329779e-01,3.06663423730197532e-02,1.12803138464092442e-01
4.78630092322638256e-01,2.52655443735379182e-01,1.49860167903871383e-01,3.12722319987349048e-02,1.12461111971782907e-01
4.86967525165863113e-01,2.48403527566519428e-01,1.48661705913096270e-01,3.18656786007141396e-02,1.12078775189152532e-01
4.95450190804790025e-01,2.44187699881958709e-01,1.47428837311479072e-01,3.24457942509793693e-02,1.11656664423986307e-01
5.04080619102669325e-01,2.40007955084404312e-01,1.46162593295863841e-01,3.30117121501743993e-02,1.11195346205246987e-01
5.12861383991364828e-01,2.35864293004394820e-01,1.44864012863518743e-01,3.35625885367544924e-02,1.10695416244789166e-01
5.21795104239002328e-01,2.31756718807513806e-01,1.43534141959049483e-01,3.40976045120534518e-02,1.10157498390620501e-01
5.30884444230988128e-01,2.27685242895911244e-01,1.42174032642866544e-01,3.46159677773929322e-02,1.09582243573427607e-01
5.40132114764634741e-01,2.23649880803964668e-01,1.40784742280850667e-01,3.51169142798426273e-02,1.08970328747995601e-01
5.49540873857624512e-01,2.19650653087920367e-01,1.39367332754822604e-01,3.55997097636791549e-02,1.08322455831058581e-01
5.59113527570559876e-01,2.15687585209349775e-01,1.37922869693380717e-01,3.60636512250219685e-02,1.07639350637020792e-01
5.68852930843841365e-01,2.11760707412265131e-01,1.36452421722636247e-01,3.65080682675448243e-02,1.06921761812902846e-01
5.78761988349120626e-01,2.07870054593739723e-01,1.34957059736345197e-01,3.69323243575700039e-02,1.06170459773777079e-01
5.88843655355589024e-01,2.04015666167878723e-01,1.33437856184905640e-01,3.73358179772494622e-02,1.05386235639868556e-01
5.99100938611353717e-01,2.00197585922996191e-01,1.31895884382666029e-01,3.77179836749174102e-02,1.04569900176412503e-01
6.09536897240169018e-01,1.96415861871854142e-01,1.30332217832968139e-01,3.80782930120668814e-02,1.03722282737278057e-01
6.20154643653785365e-01,1.92670546094828449e-01,1.28747929570330544e-01,3.84162554067514830e-02,1.02844230213285454e-01
6.30957344480193028e-01,1.88961694575869699e-01,1.27144091519162256e-01,3.87314188735489798e-02,1.01936605986069601e-01
6.41948221508035655e-01,1.85289367031135771e-01,1.25521773868385977e-01,3.90233706605376401e-02,1.01000288888262693e-01
6.53130552647472329e-01,1.81653626730180456e-01,1.23882044461340018e-01,3.92917377840357879e-02,1.00036172170703402e-01
6.64507672907779567e-01,1.78054540309590031e-01,1.22225968200322679e-01,3.95361874621345602e-02,9.90451624773066724e-02
6.76082975391981589e-01,1.74492177578968177e-01,1.20554606465139103e-01,3.97564274483157981e-02,9.80281788281637256e-02
6.87859912308807497e-01,1.70966611319181422e-01,1.18869016545010489e-01,3.99522062666905348e-02,9.69861516113822431e-02
6.99841996002273481e-01,1.67477917072786753e-01,1.17170251083207846e-01,4.01233133506191109e-02,9.59200215841160830e-02
7.12032799999202548e-01,1.64026172926573649e-01,1.15459357533776424e-01,4.02695790866809816e-02,9.48307388831777232e-02
7.24435960074989893e-01,1.60611459286167046e-01,1.13737377629725203e-01,4.03908747661518505e-02,9.37192620455794684e-02
7.37055175337934299e-01,1.57233858642649604e-01,1.12005346862064620e-01,4.04871124463183907e-02,9.25865570392984810e-02
7.49894209332455763e-01,1.53893455331177098e-01,1.10264293969088975e-01,4.05582447241155664e-02,9.14335963045154604e-02
7.62956891161532758e-01,1.50590335281573784e-01,1.08515240435312285e-01,4.06042644247106010e-02,9.02613578055415783e-02
7.76247116628691614e-01,1.47324585760912563e-01,1.06759199999485285e-01,4.06252042077809780e-02,8.90708240936061435e-02
7.89768849399885564e-01,1.44096295108101791e-01,1.04997178171138988e-01,4.06211360943412800e-02,8.78629813806486998e-02
8.03526122185617253e-01,1.40905552460516309e-01,1.03230171755119796e-01,4.05921709170667180e-02,8.66388186242273983e-02
8.17523037943649777e-01,1.37752447472732104e-01,1.01459168383606760e-01,4.05384576971414556e-02,8.53993266236313525e-02
8.31763771102670857e-01,1.34637070027441630e-01,9.96851460551238383e-02,4.04601829507249267e-02,8.41454971272628111e-02
8.46252568807269290e-01,1.31559509938649816e-01,9.79090726800884992e-02,4.03575699281839007e-02,8.28783219513362923e-02
8.60993752184600281e-01,1.28519856647270642e-01,9.61319056324657639e-02,4.02308777892801672e-02,8.15987921099274455e-02
8.75991717633117006e-01,1.25518198909267992e-01,9.43545913071263537e-02,4.00804007175344992e-02,8.03078969563946615e-02
8.91250938133745452e-01,1.22554624476510096e-01,9.25780646825426073e-02,3.99064669770095373e-02,7.90066233361844672e-02
9.06775964583904970e-01,1.19629219770527984e-01,9.08032488884851496e-02,3.97094379147654372e-02,7.76959547510348708e-02
9.22571427154762813e-01,1.16742069549397698e-01,8.90310547784222694e-02,3.94897069122454591e-02,7.63768705345818921e-02
9.38642036672135083e-01,1.13893256567990986e-01,8.72623805063584002e-02,3.92476982888446888e-02,7.50503450393823907e-02
9.54992586021435885e-01,1.11082861231868113e-01,8.54981111078879086e-02,3.89838661609025056e-02,7.37173468353699290e-02
9.71627951577105797e-01,1.08310961245112636e-01,8.37391180852774114e-02,3.86986932593416308e-02,7.23788379197678744e-02
9.88553094656938525e-01,1.05577631252440171e-01,8.19862589964331645e-02,3.83926897091534589e-02,7.10357729384972492e-02
1.00577306300173808e+00,1.02882942475942124e-01,8.02403770476502465e-02,3.80663917738987279e-02,6.96890984191293611e-02
1.02329299228075365e+00,1.00226962346855492e-01,7.85023006900833625e-02,3.77203605683613524e-02,6.83397520154502280e-02
1.04111810762333956e+00,9.76097541327823476e-02,7.67728432199230731e-02,3.73551807424538224e-02,6.69886617637253656e-02
1.05925372517728866e+00,9.50313765608156585e-02,7.50528023823067436e-02,3.69714591394339417e-02,6.56367453507725601e-02
1.07770525369432124e+00,9.24918834370578591e-02,7.33429599790364345e-02,3.65698234314479551e-02,6.42849093939736743e-02
1.09647819614318509e+00,8.99913232630555754e-02,7.16440814802256215e-02,3.61509207353700804e-02,6.29340487333869408e-02
1.11557815135085203e+00,8.75297388497052881e-02,6.99569156400407927e-02,3.57154162118615282e-02,6.15850457361465931e-02
1.13501081567231421e+00,8.51071669292167987e-02,6.82821941167499891e-02,3.52639916505217560e-02,6.02387696133621642e-02
1.15478198468945825e+00,8.27236377657602773e-02,6.66206310973416621e-02,3.47973440439565476e-02,5.88960757497720491e-02
1.17489755493952908e+00,8.03791747654527405e-02,6.49729229270207403e-02,3.43161841535359682e-02,5.75578050464263385e-02
1.19536352567371895e+00,7.80737940863723556e-02,6.33397477439362339e-02,3.38212350695635475e-02,5.62247832767171635e-02
1.21618600064636784e+00,7.58075042493300405e-02,6.17217651195461278e-02,3.33132307685290174e-02,5.48978204561052716e-02
1.23737118993535189e+00,7.35803057501504820e-02,6.01196157050654656e-02,3.27929146700628726e-02,5.35777102259274787e-02
1.25892541179416750e+00,7.13921906742580881e-02,5.85339208844960768e-02,3.22610381961626128e-02,5.22652292517081160e-02
1.28085509453627844e+00,6.92431423143881619e-02,5.69652824347781292e-02,3.17183593352088275e-02,5.09611366364329521e-02
1.30316677845229867e+00,6.71331347922772687e-02,5.54142821936484883e-02,3.11656412132387400e-02,4.96661733492794397e-02
1.32586711776055943e+00,6.50621326852186960e-02,5.38814817358370668e-02,3.06036506748964196e-02,4.83810616703358592e-02
1.34896288259165331e+00,6.30300906583963066e-02,5.23674220582720645e-02,3.00331568764292643e-02,4.71065046518784891e-02
1.37246096100756110e+00,6.10369531039360730e-02,5.08726232750056975e-02,2.94549298930512349e-02,4.58431855968076465e-02
1.39636836105593765e+00,5.90826537876453575e-02,4.93975843226134026e-02,2.88697393429466348e-02,4.45917675548828871e-02
1.42069221286018155e+00,5.71671155044303075e-02,4.79427826768544924e-02,2.82783530301400111e-02,4.33528928374290606e-02
1.44543977074592789e+00,5.52902497434039908e-02,4.65086740814165955e-02,2.76815356084098539e-02,4.21271825512141707e-02
1.47061841540456029e+00,5.34519563637221029e-02,4.50956922896020920e-02,2.70800472683784856e-02,4.09152361522359398e-02
1.49623565609443276e+00,5.16521232821942067e-02,4.37042488198397042e-02,2.64746424498615400e-02,3.97176310201758989e-02
1.52229913288042029e+00,4.98906261737395509e-02,4.23347327259359085e-02,2.58660685815149047e-02,3.85349220543117002e-02
1.54881661891248124e+00,4.81673281857645172e-02,4.09875103830017740e-02,2.52550648497688324e-02,3.73676412916956885e-02
1.57579602274392339e+00,4.64820796675475545e-02,3.96629252900112389e-02,2.46423609989903925e-02,3.62162975484328215e-02
1.60324539069004168e+00,4.48347179157258038e-02,3.83612978899657980e-02,2.40286761647676671e-02,3.50813760849051984e-02
1.63117290922783797e+00,4.32250669369763502e-02,3.70829254086508867e-02,2.34147177421583953e-02,3.39633382958069857e-02
1.65958690743755977e+00,4.16529372289830141e-02,3.58280817129787016e-02,2.28011802906940945e-02,3.28626214258586694e-02
1.68849585948675318e+00,4.01181255807760082e-02,3.45970171899174367e-02,2.21887444778789064e-02,3.17796383120814360e-02
1.71790838715758754e+00,3.86204148935184247e-02,3.33899586470055437e-02,2.15780760628663908e-02,3.07147771535090618e-02
1.74783326241821735e+00,3.71595740227989024e-02,3.22071092354439328e-02,2.09698249219406538e-02,2.96684013092139640e-02
1.77827941003892276e+00,3.57353576434720002e-02,3.10486483967506652e-02,2.03646241173691088e-02,2.86408491255162601e-02
1.80925591025382015e+00,3.43475061380609861e-02,2.99147318339456209e-02,1.97630890111310034e-02,2.76324337932305868e-02
1.84077200146895636e+00,3.29957455097077690e-02,2.88054915082109134e-02,1.91658164249603608e-02,2.66434432357874548e-02
1.87283708301754848e+00,3.16797873206225850e-02,2.77210356619493094e-02,1.85733838480736588e-02,2.56741400290435469e-02
1.90546071796324634e+00,3.03993286569412165e-02,2.66614488691260948e-02,1.79863486938788772e-02,2.47247613535627846e-02
1.93865263595220760e+00,2.91540521208555267e-02,2.56267921137453350e-02,1.74052476068869630e-02,2.37955189801182937e-02
1.97242273611485341e+00,2.79436258508293719e-02,2.46171028972646082e-02,1.68305958209655632e-02,2.28865992891208563e-02
2.00678109001818816e+00,2.67677035706541493e-02,2.36323953757018555e-02,1.62628865699893863e-02,2.19981633246330542e-02
2.04173794466952963e+00,2.56259246680376231e-02,2.26726605271325571e-02,1.57025905518527638e-02,2.11303468835753253e-02
2.07730372557256304e+00,2.45179143033484523e-02,2.17378663502108722e-02,1.51501554467149847e-02,2.02832606406681826e-02
2.11348903983664549e+00,2.34432835490648479e-02,2.08279580942788423e-02,1.46060054902491330e-02,1.94569903095895350e-02
2.15030467934025671e+00,2.24016295603969087e-02,1.99428585215540542e-02,1.40705411025623464e-02,1.86515968407532651e-02
2.18776162394955165e+00,2.13925357774647253e-02,1.90824682018023439e-02,1.35441385733445774e-02,1.78671166560362381e-02
2.22587104479300324e+00,2.04155721593227944e-02,1.82466658398149073e-02,1.30271498036891066e-02,1.71035619206937571e-02
2.26464430759305957e+00,1.94702954500269101e-02,1.74353086359169511e-02,1.25199021049092318e-02,1.63609208526164021e-02
2.30409297605584484e+00,1.85562494768351759e-02,1.66482326796337163e-02,1.20226980545501873e-02,1.56391580689791108e-02
2.34422881531992289e+00,1.76729654805294137e-02,1.58852533765359710e-02,1.15358154096665850e-02,1.49382149702345594e-02
2.38506379546510505e+00,1.68199624777328575e-02,1.51461659081779179e-02,1.10595070773023187e-02,1.42580101612926370e-02
2.42661009508241410e+00,1.59967476549825183e-02,1.44307457249240410e-02,1.05940011419703179e-02,1.35984399096153365e-02
2.46888010490620902e+00,1.52028167941977935e-02,1.37387490713444041e-02,1.01395009497885717e-02,1.29593786398388994e-02
2.51188643150957969e+00,1.44376547290627436e-02,1.30699135437337445e-02,9.69618524878147411e-03,1.23406794644131956e-02
2.55564190106413713e+00,1.37007358317139984e-02,1.24239586791830073e-02,9.26420838470607549e-03,1.17421747496210625e-02
2.60015956316527230e+00,1.29915245289999592e-02,1.18005865755041583e-02,8.84370055161094737e-03,1.11636767162141461e-02
2.64545269472404865e+00,1.23094758474458846e-02,1.11994825411759358e-02,8.43476809617933407e-03,1.06049780737681367e-02
2.69153480392691380e+00,1.16540359859291041e-02,1.06203157743452754e-02,8.03749387475176380e-03,1.00658526877273023e-02
2.73841963426436141e+00,1.10246429149385775e-02,1.00627400697855408e-02,7.65193766176550799e-03,9.54605627797467521e-03
2.78612116862976933e+00,1.04207270011610013e-02,9.52639455257717378e-03,7.27813660818902707e-03,9.04532714762723566e-03
2.83465363348966815e+00,9.84171165600595914e-03,9.01090443714236064e-03,6.91610574837112600e-03,8.56338694062137515e-03
2.88403150312660550e+00,9.28701400655608869e-03,8.51588181013363150e-03,6.56583855356769608e-03,8.09994142652021437e-03
2.93426950395596720e+00,8.75604558730059580e-03,8.04092643554382529e-03,6.22730753025211529e-03,7.65468131084108029e-03
2.98538261891796042e+00,8.24821305089100051e-03,7.58562658027928279e-03,5.90046486116352093e-03,7.22728306907323859e-03
3.03738609194610421e+00,7.76291889603891727e-03,7.14955985831297516e-03,5.58524308689705828e-03,6.81740980242964874e-03
3.09029543251358874e+00,7.29956221056381541e-03,6.73229409141600389e-03,5.28155582569539601e-03,6.42471211325548307e-03
3.14412642025879574e+00,6.85753942749341584e-03,6.33338818435329100e-03,4.98929852896203008e-03,6.04882899790115929e-03
3.19889510969139712e+00,6.43624509201937839e-03,5.95239301232246016e-03,4.70834926988358566e-03,5.68938875475805475e-03
3.25461783498045687e+00,6.03507263702009449e-03,5.58885231831613479e-03,4.43856956242294660e-03,5.34600990505383362e-03
3.31131121482591118e+00,5.65341516478067279e-03,5.24230361799860566e-03,4.17980520782887215e-03,5.01830212391133571e-03
3.36899215741490599e+00,5.29066623246695743e-03,4.91227910960649085e-03,3.93188716569980654e-03,4.70586717909112894e-03
3.42767786546450104e+00,4.94622063884832611e-03,4.59830658631282026e-03,3.69463244654295387e-03,4.40829987476414054e-03
3.48738584135218366e+00,4.61947520971383533e-03,4.29991034843557520e-03,3.46784502268454716e-03,4.12518899759873985e-03
3.54813389233575327e+00,4.30982957938678881e-03,4.01661211282395170e-03,3.25131675431380909e-03,3.85611826239611781e-03
3.60994013586416695e+00,4.01668696571689035e-03,3.74793191672153931e-03,3.04482832738324364e-03,3.60066725446979213e-03
3.67282300498084613e+00,3.73945493591693089e-03,3.49338901338510201e-03,2.84815020004244336e-03,3.35841236594129839e-03
3.73680125382115591e+00,3.47754616061121506e-03,3.25250275673002109e-03,2.66104355425079769e-03,3.12892772311336833e-03
3.80189396320561235e+00,3.23037915347932194e-03,3.02479347228185470e-03,2.48326124919948142e-03,2.91178610208659826e-03
3.86812054633052105e+00,2.99737899390837463e-03,2.80978331173558065e-03,2.31454877317287385e-03,2.70655982980503359e-03
3.93550075455777248e+00,2.77797803011230367e-03,2.60699708846203609e-03,2.15464519049649028e-03,2.51282166775065440e-03
4.00405468330546377e+00,2.57161656023714323e-03,2.41596309135470259e-03,2.00328408025221213e-03,2.33014567555765240e-03
4.07380277804112634e+00,2.37774348904658088e-03,2.23621387447868903e-03,1.86019446349209466e-03,2.15810805188364338e-03
4.14476584037938878e+00,2.19581695787249547e-03,2.06728702006824970e-03,1.72510171574989093e-03,1.99628794995674198e-03
4.21696503428582226e+00,2.02530494562100979e-03,1.90872587251944515e-03,1.59772846173479219e-03,1.84426826531596650e-03
4.29042189238885285e+00,1.86568583874419710e-03,1.76008024113928066e-03,1.47779544919372460e-03,1.70163639337504442e-03
4.36515832240165658e+00,1.71644896822169398e-03,1.62090706954248873e-03,1.36502239904759187e-03,1.56798495456838779e-03
4.44119661365588847e+00,1.57709511174418415e-03,1.49077106973123327e-03,1.25912882904223068e-03,1.44291248498075409e-03
4.51855944374922114e+00,1.44713695945070196e-03,1.36924531905008762e-03,1.15983484830572232e-03,1.32602409051872866e-03
4.59726988530872305e+00,1.32609954174377925e-03,1.25591181837860833e-03,1.06686192036974711e-03,1.21693206285178280e-03
4.67735141287198086e+00,1.21352061788962320e-03,1.15036201010563794e-03,9.79933592393091935e-04,1.11525645553255440e-03
4.75882790988816584e+00,1.10895102430266877e-03,1.05219725462107612e-03,8.98776188518363032e-04,1.02062561889836858e-03
4.84172367584099383e+00,1.01195498161539381e-03,9.61029264262703263e-04,8.23119465498613374e-04,9.32676692558912900e-04
4.92606343349577092e+00,9.22110359842082529e-04,8.76480493864595822e-04,7.52697228946234130e-04,8.51056054485341035e-04
5.01187233627271933e+00,8.39008901159126732e-04,7.98184487269548129e-04,6.87247908781668613e-04,7.75419725934245832e-04
5.09917597574870118e+00,7.62256400042452941e-04,7.25786179388771056e-04,6.26515092692440869e-04,7.05433731663141742e-04
5.18800038928960916e+00,6.91472840722862688e-04,6.58942153616048736e-04,5.70248016651742138e-04,6.40774415121067717e-04
5.27837206781576374e+00,6.26292492141225640e-04,5.97320854629213352e-04,5.18202011789014910e-04,5.81128708527109145e-04
5.37031796370252668e+00,5.66363960805788078e-04,5.40602756837467208e-04,4.70138907150787042e-04,5.26194357979233073e-04
5.46386549881853956e+00,5.11350202171217852e-04,4.88480488956605794e-04,4.25827388136256195e-04,4.75680103963784331e-04
5.55904257270403690e+00,4.60928491372074312e-04,4.40658915414151458e-04,3.85043310637274807e-04,4.29305817860730688e-04
5.65587757089153875e+00,4.14790354350340524e-04,3.96855175500970847e-04,3.47569971154458438e-04,3.86802595259662688e-04
5.75439937337156682e+00,3.72641460615385784e-04,3.56798681392995164e-04,3.13198333397935174e-04,3.47912807114120735e-04
5.85463736320577333e+00,3.34201479064224550e-04,3.20231076365034553e-04,2.81727212111414541e-04,3.12390109966280611e-04
5.95662143529010368e+00,2.99203898467957424e-04,2.86906154706197906e-04,2.52963415079408599e-04,2.79999416667835069e-04
6.06038200527066007e+00,2.67395814395745743e-04,2.56589745021830896e-04,2.26721844488211524e-04,2.50516829204888020e-04
6.16595001861482217e+00,2.38537684499077628e-04,2.29059558768701573e-04,2.02825559009822898e-04,2.23729535403416249e-04
6.27335695984037933e+00,2.12403054215033998e-04,2.04105006016839287e-04,1.81105798162759283e-04,1.99435671445514698e-04
6.38263486190548246e+00,1.88778255066809322e-04,1.81526980562012904e-04,1.61401970673327776e-04,1.77444152264492563e-04
6.49381631576211316e+00,1.67462077841901087e-04,1.61137616626204062e-04,1.43561608714139292e-04,1.57574472007574904e-04
6.60693448007595752e+00,1.48265423012246424e-04,1.42760019478639454e-04,1.27440290032194319e-04,1.39656476857569049e-04
6.72202309111566265e+00,1.31010930825701654e-04,1.26227972386435772e-04,1.12901530095985725e-04,1.23530112588788883e-04
6.83911647281429236e+00,1.15532593544219434e-04,1.11385622361201032e-04,9.98166464889580103e-05,1.09045149297193461e-04
6.95824954700604881e+00,1.01675352330570201e-04,9.80871472056289506e-05,8.80645978547323570e-05,9.60608857897384319e-05
7.07945784384138044e+00,8.92946812926333276e-05,8.61964063823042448e-05,7.75317997575461043e-05,8.44458361432921594e-05
7.20277751238340702e+00,7.82561611823293828e-05,7.55865782256929034e-05,6.81119198592175496e-05,7.40774009492761699e-05
7.32824533138903700e+00,6.84350452155284289e-05,6.61397859979141728e-05,5.97056548316972946e-05,6.48415257466209869e-05
7.45589872027781553e+00,5.97158194305435407e-05,5.77467152500959864e-05,5.22204914223633446e-05,5.66323491134004565e-05
7.58577575029183571e+00,5.19917599367677942e-05,5.03062248945009669e-05,4.55704540680755714e-05,4.93518428371660626e-05
7.71791515585011911e+00,4.51644893227558136e-05,4.37249543192400701e-05,3.96758414144701916e-05,4.29094465165711188e-05
7.85235634610071820e+00,3.91435343957418993e-05,3.79169287883599908e-05,3.44629540399665171e-05,3.72216988634286024e-05
7.98913941667404082e+00,3.38458873135226979e-05,3.28031652666547290e-05,2.98638156105743196e-05,3.22118678760973501e-05
8.12830516164098604e+00,2.91955720463281610e-05,2.83112806921807655e-05,2.58158896031578481e-05,2.78095819434950483e-05
8.26989508567931786e+00,2.51232179723270333e-05,2.43751045916870666e-05,2.22617936327494020e-05,2.39504638156074346e-05
8.41395141645194755e+00,2.15656422674110396e-05,2.09342977966274453e-05,1.91490133053464715e-05,2.05757692427101139e-05
8.56051711720094843e+00,1.84654425996416735e-05,1.79339788718561706e-05,1.64296173930463463e-05,1.76320319433733580e-05
8.70963589956080497e+00,1.57706014830026493e-05,1.53243597172817093e-05,1.40599759950930706e-05,1.50707164124556904e-05
8.86135223659499438e+00,1.34341034856445807e-05,1.30603916464387486e-05,1.20004832081836475e-05,1.28478799264609482e-05
9.01571137605957063e+00,1.14135663264705949e-05,1.11014230869689958e-05,1.02152856840352709e-05,1.09238449466832622e-05
9.17275935389779384e+00,9.67088673239899716e-06,9.41086988810416897e-06,8.67201830351236107e-06,9.26288296222467432e-06
9.33254300796990499e+00,8.17190176867407148e-06,7.95589906115734252e-06,7.34154804633230028e-06,7.83291065699173721e-06
9.49510999202198214e+00,6.88606619778069937e-06,6.70712662238642567e-06,6.19772698521813716e-06,6.60519912880743765e-06
9.66050878989813100e+00,5.78614627035496259e-06,5.63833005492754157e-06,5.21715518496622727e-06,5.55409673636973064e-06
9.82878873000031561e+00,4.84793020536870325e-06,4.72617575924675299e-06,4.37895414179187110e-06,4.65676600240255935e-06
1.00000000000000000e+01,4.04995547804455885e-06,3.94996172101030144e-06,3.66455125791443023e-06,3.89293486029521159e-06
