distance,nu0,nu0p25,nu1
1.33333333333333342e-02,8.88888888888889067e-05,8.88849386227319184e-05,8.88730920359128682e-05
2.66666666666666684e-02,3.55555555555555627e-04,3.55492368143651473e-04,3.55303075005339081e-04
4.00000000000000008e-02,8.00000000000000038e-04,7.99680255744286412e-04,7.98724079689049743e-04
5.33333333333333368e-02,1.42222222222222251e-03,1.42121230002135632e-03,1.41819964177436453e-03
6.66666666666666657e-02,2.22222222222222222e-03,2.21975855819388440e-03,2.21243250702593238e-03
8.00000000000000017e-02,3.20000000000000015e-03,3.19489631875619897e-03,3.17977802344325457e-03
9.33333333333333376e-02,4.35555555555555609e-03,4.34611121421240448e-03,4.31826080283298930e-03
1.06666666666666674e-01,5.68888888888889003e-03,5.67279856709745813e-03,5.62559426717123071e-03
1.20000000000000009e-01,7.20000000000000154e-03,7.17426496113372520e-03,7.09920264364882064e-03
1.33333333333333331e-01,8.88888888888888888e-03,8.84973002810372951e-03,8.73624493766706096e-03
1.46666666666666667e-01,1.07555555555555564e-02,1.06983284398520836e-02,1.05336403955884114e-02
1.60000000000000003e-01,1.28000000000000006e-02,1.27191120937730183e-02,1.24880949681337467e-02
1.73333333333333339e-01,1.50222222222222233e-02,1.49110524792034418e-02,1.45961282995484640e-02
1.86666666666666675e-01,1.74222222222222244e-02,1.72730432113319572e-02,1.68541007950057942e-02
2.00000000000000011e-01,2.00000000000000039e-02,1.98039027185569656e-02,1.92582403567252043e-02
2.13333333333333347e-01,2.27555555555555601e-02,2.25023770686849228e-02,2.18046684252825307e-02
2.26666666666666683e-01,2.56888888888888930e-02,2.53671429189535891e-02,2.44894250138690608e-02
2.40000000000000019e-01,2.88000000000000062e-02,2.83968105745952826e-02,2.73084924772409587e-02
2.53333333333333355e-01,3.20888888888888960e-02,3.15899271405172960e-02,3.02578178114652520e-02
2.66666666666666663e-01,3.55555555555555555e-02,3.49449797506682439e-02,3.33333333333333329e-02
2.80000000000000027e-01,3.92000000000000057e-02,3.84603988597735716e-02,3.65309756378880621e-02
2.93333333333333335e-01,4.30222222222222256e-02,4.21345615823536454e-02,3.98467027777116428e-02
3.06666666666666698e-01,4.70222222222222291e-02,4.59657950642766919e-02,4.32765096476550662e-02
3.20000000000000007e-01,5.12000000000000025e-02,4.99523798725349868e-02,4.68164415931166047e-02
3.33333333333333370e-01,5.55555555555555663e-02,5.40925533894597854e-02,5.04626062886657858e-02
3.46666666666666679e-01,6.00888888888888931e-02,5.83845131981938562e-02,5.42111839568763243e-02
3.60000000000000042e-01,6.48000000000000104e-02,6.28264204469138055e-02,5.80584360149872664e-02
3.73333333333333350e-01,6.96888888888888974e-02,6.74164031800231767e-02,6.20007122498992674e-02
3.86666666666666714e-01,7.47555555555555751e-02,7.21525596253133755e-02,6.60344566305670899e-02
4.00000000000000022e-01,8.00000000000000155e-02,7.70329614269008173e-02,7.01562118716424488e-02
4.13333333333333386e-01,8.54222222222222466e-02,8.20556568145857090e-02,7.43626228638421954e-02
4.26666666666666694e-01,9.10222222222222405e-02,8.72186737011301227e-02,7.86504390855291696e-02
4.40000000000000002e-01,9.67999999999999972e-02,9.25200226998130343e-02,8.30165161069342517e-02
4.53333333333333366e-01,1.02755555555555572e-01,9.79577000554762434e-02,8.74578162937966058e-02
4.66666666666666674e-01,1.08888888888888896e-01,1.03529690483123257e-01,9.19714088113865180e-02
4.80000000000000038e-01,1.15200000000000025e-01,1.09233969908963835e-01,9.65544690232691405e-02
4.93333333333333346e-01,1.21688888888888902e-01,1.15068508109603895e-01,1.01204277372079349e-01
5.06666666666666710e-01,1.28355555555555584e-01,1.21031271245861008e-01,1.05918217822265723e-01
5.20000000000000018e-01,1.35200000000000015e-01,1.27120224288429673e-01,1.10693775937428684e-01
5.33333333333333326e-01,1.42222222222222222e-01,1.33333333333333331e-01,1.15528536657688488e-01
5.46666666666666745e-01,1.49422222222222262e-01,1.39668567805765420e-01,1.20420181835589418e-01
5.60000000000000053e-01,1.56800000000000023e-01,1.46123902551552248e-01,1.25366487582469210e-01
5.73333333333333361e-01,1.64355555555555560e-01,1.52697319816052640e-01,1.30365321471053369e-01
5.86666666666666670e-01,1.72088888888888902e-01,1.59386811110846571e-01,1.35414639634309247e-01
6.00000000000000089e-01,1.80000000000000049e-01,1.66190378969060137e-01,1.40512483795332738e-01
6.13333333333333397e-01,1.88088888888888917e-01,1.73106038590620265e-01,1.45656978258243863e-01
6.26666666666666705e-01,1.96355555555555589e-01,1.80131819379136665e-01,1.50846326885725357e-01
6.40000000000000013e-01,2.04800000000000010e-01,1.87265766372466419e-01,1.56078810084939068e-01
6.53333333333333321e-01,2.13422222222222208e-01,1.94505941569335372e-01,1.61352781820071206e-01
6.66666666666666741e-01,2.22222222222222265e-01,2.01850425154663143e-01,1.66666666666666685e-01
6.80000000000000049e-01,2.31200000000000044e-01,2.09297316626477936e-01,1.72018956920183902e-01
6.93333333333333357e-01,2.40355555555555572e-01,2.16844735827505297e-01,1.77408209768808472e-01
7.06666666666666665e-01,2.49688888888888877e-01,2.24490823884678087e-01,1.82833044538473793e-01
7.20000000000000084e-01,2.59200000000000041e-01,2.32233744059949065e-01,1.88292140016222548e-01
7.33333333333333393e-01,2.68888888888888955e-01,2.40071682515885010e-01,1.93784231856478278e-01
7.46666666666666701e-01,2.78755555555555590e-01,2.48002848999597070e-01,1.99308110073452588e-01
7.60000000000000009e-01,2.88800000000000001e-01,2.56025477448606542e-01,2.04862616621766330e-01
7.73333333333333428e-01,2.99022222222222300e-01,2.64137826522268360e-01,2.10446643066393935e-01
7.86666666666666736e-01,3.09422222222222265e-01,2.72338180062378143e-01,2.16059128342221352e-01
8.00000000000000044e-01,3.20000000000000062e-01,2.80624847486569795e-01,2.21699056602830208e-01
8.13333333333333353e-01,3.30755555555555580e-01,2.88996164118074939e-01,2.27365455157553048e-01
8.26666666666666772e-01,3.41688888888888986e-01,2.97450491455368782e-01,2.33057392495389204e-01
8.40000000000000080e-01,3.52800000000000058e-01,3.05986217385160686e-01,2.38773976393997500e-01
8.53333333333333388e-01,3.64088888888888962e-01,3.14601756342116678e-01,2.44514352111689981e-01
8.66666666666666696e-01,3.75555555555555587e-01,3.23295549418613937e-01,2.50277700660121116e-01
8.80000000000000004e-01,3.87199999999999989e-01,3.32066064427737007e-01,2.56063237155199797e-01
8.93333333333333424e-01,3.99022222222222278e-01,3.40911795922626937e-01,2.61870209243623753e-01
9.06666666666666732e-01,4.11022222222222289e-01,3.49831265175186423e-01,2.67697895602359126e-01
9.20000000000000040e-01,4.23200000000000021e-01,3.58823020117042313e-01,2.73545604508336981e-01
9.33333333333333348e-01,4.35555555555555585e-01,3.67885635245546072e-01,2.79412672475619683e-01
9.46666666666666767e-01,4.48088888888888981e-01,3.77017711497487584e-01,2.85298462957296828e-01
9.60000000000000075e-01,4.60800000000000098e-01,3.86217876093076562e-01,2.91202365109392403e-01
9.73333333333333384e-01,4.73688888888888937e-01,3.95484782352633846e-01,2.97123792614107096e-01
9.86666666666666692e-01,4.86755555555555608e-01,4.04817109488317395e-01,3.03062182559771298e-01
1.00000000000000000e+00,5.00000000000000000e-01,4.14213562373095090e-01,3.09016994374947396e-01
1.01333333333333342e+00,5.13422222222222335e-01,4.23672871289062891e-01,3.14987708814192857e-01
1.02666666666666684e+00,5.27022222222222392e-01,4.33193791657096428e-01,3.20973826993069089e-01
1.04000000000000004e+00,5.40800000000000058e-01,4.42775103749714738e-01,3.26974869470066321e-01
1.05333333333333345e+00,5.54755555555555668e-01,4.52415612388930299e-01,3.32990375373194147e-01
1.06666666666666665e+00,5.68888888888888888e-01,4.62114146630753952e-01,3.39019901569076409e-01
1.08000000000000007e+00,5.83200000000000052e-01,4.71869559437927966e-01,3.45063021872473619e-01
1.09333333333333349e+00,5.97688888888889047e-01,4.81680727342357673e-01,3.51119326294242973e-01
1.10666666666666669e+00,6.12355555555555542e-01,4.91546550098625357e-01,3.57188420325830813e-01
1.12000000000000011e+00,6.27200000000000091e-01,5.01465950329876842e-01,3.63269924258478538e-01
1.13333333333333330e+00,6.42222222222222139e-01,5.11437873167284396e-01,3.69363472535401527e-01
1.14666666666666672e+00,6.57422222222222241e-01,5.21461285884213477e-01,3.75468713135286347e-01
1.16000000000000014e+00,6.72800000000000176e-01,5.31535177526131886e-01,3.81585306985525174e-01
1.17333333333333334e+00,6.88355555555555609e-01,5.41658558537236989e-01,3.87712927403685181e-01
1.18666666666666676e+00,7.04088888888888986e-01,5.51830460384696075e-01,3.93851259565782374e-01
1.20000000000000018e+00,7.20000000000000195e-01,5.62049935181330951e-01,4.00000000000000078e-01
1.21333333333333337e+00,7.36088888888888904e-01,5.72316055307512839e-01,4.06158856104559818e-01
1.22666666666666679e+00,7.52355555555555666e-01,5.82627913032975453e-01,4.12327545688519426e-01
1.23999999999999999e+00,7.68800000000000039e-01,5.92984620139190177e-01,4.18505796534330732e-01
1.25333333333333341e+00,7.85422222222222355e-01,6.03385307542901428e-01,4.24693345981054682e-01
1.26666666666666683e+00,8.02222222222222392e-01,6.13829124921360658e-01,4.30889940527183268e-01
1.28000000000000003e+00,8.19200000000000039e-01,6.24315240339756272e-01,4.37095335452075406e-01
1.29333333333333345e+00,8.36355555555555741e-01,6.34842839881286980e-01,4.43309294455063452e-01
1.30666666666666664e+00,8.53688888888888830e-01,6.45411127280284824e-01,4.49531589311336577e-01
1.32000000000000006e+00,8.71200000000000085e-01,6.56019323558756029e-01,4.55761999543755569e-01
1.33333333333333348e+00,8.88888888888889062e-01,6.66666666666666741e-01,4.62000312109794309e-01
1.34666666666666668e+00,9.06755555555555537e-01,6.77352411126269871e-01,4.68246321102849639e-01
1.36000000000000010e+00,9.24800000000000177e-01,6.88075827680735608e-01,4.74499827467198265e-01
1.37333333333333352e+00,9.43022222222222428e-01,6.98836202947313301e-01,4.80760638725917733e-01
1.38666666666666671e+00,9.61422222222222289e-01,7.09632839075233890e-01,4.87028568721125765e-01
1.40000000000000013e+00,9.80000000000000204e-01,7.20465053408525513e-01,4.93303437365925357e-01
1.41333333333333333e+00,9.98755555555555508e-01,7.31332178153895174e-01,4.99585070407474019e-01
1.42666666666666675e+00,1.01768888888888909e+00,7.42233560053811581e-01,5.05873299200629623e-01
1.44000000000000017e+00,1.03680000000000017e+00,7.53168560064890191e-01,5.12167960491649144e-01
1.45333333333333337e+00,1.05608888888888885e+00,7.64136553041679267e-01,5.18468896211450092e-01
1.46666666666666679e+00,1.07555555555555582e+00,7.75136927425913114e-01,5.24775953277964002e-01
1.48000000000000020e+00,1.09520000000000040e+00,7.86169084941288787e-01,5.31088983407140391e-01
1.49333333333333340e+00,1.11502222222222236e+00,7.97232440293810352e-01,5.37407842932181579e-01
1.50666666666666682e+00,1.13502222222222238e+00,8.08326420877725438e-01,5.43732392630608907e-01
1.52000000000000002e+00,1.15520000000000000e+00,8.19450466487065321e-01,5.50062497558784447e-01
1.53333333333333344e+00,1.17555555555555569e+00,8.30604029032797508e-01,5.56398026893529685e-01
1.54666666666666686e+00,1.19608888888888920e+00,8.41786572265575739e-01,5.62738853780502257e-01
1.56000000000000005e+00,1.21680000000000010e+00,8.52997571504075069e-01,5.69084855189009198e-01
1.57333333333333347e+00,1.23768888888888906e+00,8.64236513368885406e-01,5.75435911772951947e-01
1.58666666666666667e+00,1.25875555555555563e+00,8.75502895521921398e-01,5.81791907737613134e-01
1.60000000000000009e+00,1.28000000000000025e+00,8.86796226411320831e-01,5.88152730712010685e-01
1.61333333333333351e+00,1.30142222222222248e+00,8.98116025021770015e-01,5.94518271626559458e-01
1.62666666666666671e+00,1.32302222222222232e+00,9.09461820630212192e-01,6.00888424595793280e-01
1.64000000000000012e+00,1.34480000000000022e+00,9.20833152566875257e-01,6.07263086805911678e-01
1.65333333333333354e+00,1.36675555555555595e+00,9.32229569981556816e-01,6.13642158406928373e-01
1.66666666666666674e+00,1.38888888888888906e+00,9.43650631615100099e-01,6.20025542409212482e-01
1.68000000000000016e+00,1.41120000000000023e+00,9.55095905575990001e-01,6.26413144584219483e-01
1.69333333333333336e+00,1.43368888888888901e+00,9.66564969121991191e-01,6.32804873369219978e-01
1.70666666666666678e+00,1.45635555555555585e+00,9.78057408446759924e-01,6.39200639775848289e-01
1.72000000000000020e+00,1.47920000000000029e+00,9.89572818471342264e-01,6.45600357302295924e-01
1.73333333333333339e+00,1.50222222222222235e+00,1.00111080264048447e+00,6.52003941848987245e-01
1.74666666666666681e+00,1.52542222222222246e+00,1.01267097272367024e+00,6.58411311637581487e-01
1.76000000000000001e+00,1.54879999999999995e+00,1.02425294862079919e+00,6.64822387133152781e-01
1.77333333333333343e+00,1.57235555555555573e+00,1.03585635817243049e+00,6.71237090969408312e-01
1.78666666666666685e+00,1.59608888888888911e+00,1.04748083697449501e+00,6.77655347876809477e-01
1.80000000000000004e+00,1.62000000000000011e+00,1.05912602819740020e+00,6.84077084613470277e-01
1.81333333333333346e+00,1.64408888888888916e+00,1.07079158240943650e+00,6.90502229898709241e-01
1.82666666666666688e+00,1.66835555555555604e+00,1.08247715740440054e+00,6.96930714349142777e-01
1.84000000000000008e+00,1.69280000000000008e+00,1.09418241803334793e+00,7.03362470417207009e-01
1.85333333333333350e+00,1.71742222222222263e+00,1.10590703604039575e+00,7.09797432332005873e-01
1.86666666666666670e+00,1.74222222222222234e+00,1.11765068990247873e+00,7.16235536042382881e-01
1.88000000000000012e+00,1.76720000000000033e+00,1.12941306467298652e+00,7.22676719162127390e-01
1.89333333333333353e+00,1.79235555555555592e+00,1.14119385182918731e+00,7.29120920917216475e-01
1.90666666666666673e+00,1.81768888888888891e+00,1.15299274912336336e+00,7.35568082095014120e-01
1.92000000000000015e+00,1.84320000000000039e+00,1.16480946043756961e+00,7.42018144995342466e-01
1.93333333333333335e+00,1.86888888888888882e+00,1.17664369564193438e+00,7.48471053383343965e-01
1.94666666666666677e+00,1.89475555555555575e+00,1.18849517045642838e+00,7.54926752444066373e-01
1.96000000000000019e+00,1.92080000000000028e+00,1.20036360631601080e+00,7.61385188738692320e-01
1.97333333333333338e+00,1.94702222222222243e+00,1.21224873023908519e+00,7.67846310162350165e-01
1.98666666666666680e+00,1.97342222222222241e+00,1.22415027469918170e+00,7.74310065903440758e-01
2.00000000000000000e+00,2.00000000000000000e+00,1.23606797749978958e+00,7.80776406404415146e-01
2.01333333333333364e+00,2.02675555555555631e+00,1.24800158165227115e+00,7.87245283323948497e-01
2.02666666666666684e+00,2.05368888888888934e+00,1.25995083525677143e+00,7.93716649500449734e-01
2.04000000000000004e+00,2.08079999999999998e+00,1.27191549138606819e+00,8.00190458916857583e-01
2.05333333333333368e+00,2.10808888888888957e+00,1.28389530797227636e+00,8.06666666666666754e-01
2.06666666666666687e+00,2.13555555555555587e+00,1.29589004769634197e+00,8.13145228921137497e-01
2.08000000000000007e+00,2.16320000000000023e+00,1.30789947788026528e+00,8.19626102897643372e-01
2.09333333333333327e+00,2.19102222222222220e+00,1.31992337038197127e+00,8.26109246829108468e-01
2.10666666666666691e+00,2.21902222222222267e+00,1.33196150149277659e+00,8.32594619934493907e-01
2.12000000000000011e+00,2.24720000000000031e+00,1.34401365183737798e+00,8.39082182390291531e-01
2.13333333333333330e+00,2.27555555555555555e+00,1.35607960627630564e+00,8.45571895302986376e-01
2.14666666666666694e+00,2.30408888888888930e+00,1.36815915381077757e+00,8.52063720682449732e-01
2.16000000000000014e+00,2.33280000000000021e+00,1.38025208748989447e+00,8.58557621416225714e-01
2.17333333333333334e+00,2.36168888888888873e+00,1.39235820432011770e+00,8.65053561244680580e-01
2.18666666666666698e+00,2.39075555555555619e+00,1.40447730517697189e+00,8.71551504736977400e-01
2.20000000000000018e+00,2.42000000000000037e+00,1.41660919471891456e+00,8.78051417267847967e-01
2.21333333333333337e+00,2.44942222222222217e+00,1.42875368130332325e+00,8.84553264995130650e-01
2.22666666666666702e+00,2.47902222222222290e+00,1.44091057690453828e+00,8.91057014838045447e-01
2.24000000000000021e+00,2.50880000000000036e+00,1.45307969703391415e+00,8.97562634456176567e-01
2.25333333333333341e+00,2.53875555555555588e+00,1.46526086066183114e+00,9.04070092229141031e-01
2.26666666666666661e+00,2.56888888888888856e+00,1.47745389014160611e+00,9.10579357236912190e-01
2.28000000000000025e+00,2.59920000000000062e+00,1.48965861113526987e+00,9.17090399240778620e-01
2.29333333333333345e+00,2.62968888888888896e+00,1.50187485254114539e+00,9.23603188664910091e-01
2.30666666666666664e+00,2.66035555555555536e+00,1.51410244642319824e+00,9.30117696578513953e-01
2.32000000000000028e+00,2.69120000000000070e+00,1.52634122794210070e+00,9.36633894678556844e-01
2.33333333333333348e+00,2.72222222222222276e+00,1.53859103528796970e+00,9.43151755273029524e-01
2.34666666666666668e+00,2.75342222222222244e+00,1.55085170961474073e+00,9.49671251264741723e-01
2.36000000000000032e+00,2.78480000000000061e+00,1.56312309497612723e+00,9.56192356135620924e-01
2.37333333333333352e+00,2.81635555555555595e+00,1.57540503826312950e+00,9.62715043931499204e-01
2.38666666666666671e+00,2.84808888888888889e+00,1.58769738914305392e+00,9.69239289247375124e-01
2.40000000000000036e+00,2.88000000000000078e+00,1.60000000000000031e+00,9.75765067213126502e-01
2.41333333333333355e+00,2.91208888888888939e+00,1.61231272587678109e+00,9.82292353479662261e-01
2.42666666666666675e+00,2.94435555555555561e+00,1.62463542441823927e+00,9.88821124205499502e-01
2.43999999999999995e+00,2.97679999999999989e+00,1.63696795581592158e+00,9.95351356043747137e-01
2.45333333333333359e+00,3.00942222222222266e+00,1.64931018275407770e+00,1.00188302612948266e+00
2.46666666666666679e+00,3.04222222222222261e+00,1.66166197035695062e+00,1.00841611206751147e+00
2.47999999999999998e+00,3.07520000000000016e+00,1.67402318613732293e+00,1.01495059192049086e+00
2.49333333333333362e+00,3.10835555555555620e+00,1.68639369994628896e+00,1.02148644419741186e+00
2.50666666666666682e+00,3.14168888888888942e+00,1.69877338392421873e+00,1.02802364784241962e+00
2.52000000000000002e+00,3.17520000000000024e+00,1.71116211245288707e+00,1.03456218222396701e+00
2.53333333333333366e+00,3.20888888888888957e+00,1.72355976210873307e+00,1.04110202712428768e+00
2.54666666666666686e+00,3.24275555555555606e+00,1.73596621161722542e+00,1.04764316272917557e+00
2.56000000000000005e+00,3.27680000000000016e+00,1.74838134180830163e+00,1.05418556961806642e+00
2.57333333333333369e+00,3.31102222222222320e+00,1.76080503557285728e+00,1.06072922875440279e+00
2.58666666666666689e+00,3.34542222222222296e+00,1.77323717782025381e+00,1.06727412147628220e+00
2.60000000000000009e+00,3.38000000000000034e+00,1.78567765543682389e+00,1.07382022948737266e+00
2.61333333333333329e+00,3.41475555555555532e+00,1.79812635724534631e+00,1.08036753484808767e+00
2.62666666666666693e+00,3.44968888888888969e+00,1.81058317396546364e+00,1.08691601996701515e+00
2.64000000000000012e+00,3.48480000000000034e+00,1.82304799817502228e+00,1.09346566759258890e+00
2.65333333333333332e+00,3.52008888888888904e+00,1.83552072427231217e+00,1.10001646080499493e+00
2.66666666666666696e+00,3.55555555555555625e+00,1.84800124843917724e+00,1.10656838300830884e+00
2.68000000000000016e+00,3.59120000000000061e+00,1.86048946860497999e+00,1.11312141792284969e+00
2.69333333333333336e+00,3.62702222222222215e+00,1.87298528441139855e+00,1.11967554957774973e+00
2.70666666666666700e+00,3.66302222222222307e+00,1.88548859717803197e+00,1.12623076230373220e+00
2.72000000000000020e+00,3.69920000000000071e+00,1.89799930986879306e+00,1.13278704072608383e+00
2.73333333333333339e+00,3.73555555555555552e+00,1.91051732705907651e+00,1.13934436975782849e+00
2.74666666666666703e+00,3.77208888888888971e+00,1.92304255490367093e+00,1.14590273459308234e+00
2.76000000000000023e+00,3.80880000000000063e+00,1.93557490110540376e+00,1.15246212070059140e+00
2.77333333333333343e+00,3.84568888888888916e+00,1.94811427488450306e+00,1.15902251381744947e+00
2.78666666666666663e+00,3.88275555555555529e+00,1.96066058694864775e+00,1.16558389994298039e+00
2.80000000000000027e+00,3.92000000000000082e+00,1.97321374946370143e+00,1.17214626533278921e+00
2.81333333333333346e+00,3.95742222222222262e+00,1.98577367602510124e+00,1.17870959649297213e+00
2.82666666666666666e+00,3.99502222222222203e+00,1.99834028162989608e+00,1.18527388017448132e+00
2.84000000000000030e+00,4.03280000000000083e+00,2.01091348264941017e+00,1.19183910336764010e+00
2.85333333333333350e+00,4.07075555555555635e+00,2.02349319680251849e+00,1.19840525329680370e+00
2.86666666666666670e+00,4.10888888888888903e+00,2.03607934312951988e+00,1.20497231741516120e+00
2.88000000000000034e+00,4.14720000000000066e+00,2.04867184196659657e+00,1.21154028339967446e+00
2.89333333333333353e+00,4.18568888888888946e+00,2.06127061492083374e+00,1.21810913914614849e+00
2.90666666666666673e+00,4.22435555555555542e+00,2.07387558484580037e+00,1.22467887276443266e+00
2.92000000000000037e+00,4.26320000000000121e+00,2.08648667581766833e+00,1.23124947257374595e+00
2.93333333333333357e+00,4.30222222222222328e+00,2.09910381311185601e+00,1.23782092709812064e+00
2.94666666666666677e+00,4.34142222222222252e+00,2.11172692318018873e+00,1.24439322506196848e+00
2.96000000000000041e+00,4.38080000000000158e+00,2.12435593362856157e+00,1.25096635538575640e+00
2.97333333333333361e+00,4.42035555555555604e+00,2.13699077319508746e+00,1.25754030718179410e+00
2.98666666666666680e+00,4.46008888888888944e+00,2.14963137172872631e+00,1.26411506975013110e+00
3.00000000000000000e+00,4.50000000000000000e+00,2.16227766016837908e+00,1.27069063257455506e+00
3.01333333333333364e+00,4.54008888888888951e+00,2.17492957052243563e+00,1.27726698531869154e+00
3.02666666666666684e+00,4.58035555555555618e+00,2.18758703584876457e+00,1.28384411782220509e+00
3.04000000000000004e+00,4.62080000000000002e+00,2.20024999023513779e+00,1.29042202009709017e+00
3.05333333333333368e+00,4.66142222222222369e+00,2.21291836878007953e+00,1.29700068232406163e+00
3.06666666666666687e+00,4.70222222222222275e+00,2.22559210757411874e+00,1.30358009484902704e+00
3.08000000000000007e+00,4.74319999999999986e+00,2.23827114368145530e+00,1.31016024817965415e+00
3.09333333333333371e+00,4.78435555555555680e+00,2.25095541512200903e+00,1.31674113298201845e+00
3.10666666666666691e+00,4.82568888888889003e+00,2.26364486085385552e+00,1.32332274007733219e+00
3.12000000000000011e+00,4.86720000000000041e+00,2.27633942075603679e+00,1.32990506043875945e+00
3.13333333333333375e+00,4.90888888888888975e+00,2.28903903561173605e+00,1.33648808518830209e+00
3.14666666666666694e+00,4.95075555555555624e+00,2.30174364709180779e+00,1.34307180559376471e+00
3.16000000000000014e+00,4.99280000000000079e+00,2.31445319773865599e+00,1.34965621306579520e+00
3.17333333333333334e+00,5.03502222222222251e+00,2.32716763095045254e+00,1.35624129915499037e+00
3.18666666666666698e+00,5.07742222222222317e+00,2.33988689096568780e+00,1.36282705554907890e+00
3.20000000000000018e+00,5.12000000000000099e+00,2.35261092284804274e+00,1.36941347407016489e+00
3.21333333333333337e+00,5.16275555555555599e+00,2.36533967247157850e+00,1.37600054667204152e+00
3.22666666666666702e+00,5.20568888888888992e+00,2.37807308650623783e+00,1.38258826543756741e+00
3.24000000000000021e+00,5.24880000000000102e+00,2.39081111240363864e+00,1.38917662257610330e+00
3.25333333333333341e+00,5.29208888888888929e+00,2.40355369838317312e+00,1.39576561042101166e+00
3.26666666666666705e+00,5.33555555555555650e+00,2.41630079341838888e+00,1.40235522142721414e+00
3.28000000000000025e+00,5.37920000000000087e+00,2.42905234722364671e+00,1.40894544816880596e+00
3.29333333333333345e+00,5.42302222222222241e+00,2.44180831024106393e+00,1.41553628333672488e+00
3.30666666666666709e+00,5.46702222222222378e+00,2.45456863362771349e+00,1.42212771973647767e+00
3.32000000000000028e+00,5.51120000000000054e+00,2.46733326924309404e+00,1.42871975028591369e+00
3.33333333333333348e+00,5.55555555555555625e+00,2.48010216963684993e+00,1.43531236801305728e+00
3.34666666666666668e+00,5.60008888888888912e+00,2.49287528803674530e+00,1.44190556605398168e+00
3.36000000000000032e+00,5.64480000000000093e+00,2.50565257833687793e+00,1.44849933765073935e+00
3.37333333333333352e+00,5.68968888888888991e+00,2.51843399508613519e+00,1.45509367614933249e+00
3.38666666666666671e+00,5.73475555555555605e+00,2.53121949347687991e+00,1.46168857499773552e+00
3.40000000000000036e+00,5.78000000000000114e+00,2.54400902933387041e+00,1.46828402774395839e+00
3.41333333333333355e+00,5.82542222222222339e+00,2.55680255910339316e+00,1.47488002803415630e+00
3.42666666666666675e+00,5.87102222222222281e+00,2.56960003984262197e+00,1.48147656961077923e+00
3.44000000000000039e+00,5.91680000000000117e+00,2.58240142920918370e+00,1.48807364631076555e+00
3.45333333333333359e+00,5.96275555555555670e+00,2.59520668545093702e+00,1.49467125206377438e+00
3.46666666666666679e+00,6.00888888888888939e+00,2.60801576739594898e+00,1.50126938089045692e+00
3.48000000000000043e+00,6.05520000000000191e+00,2.62082863444267433e+00,1.50786802690076849e+00
3.49333333333333362e+00,6.10168888888888983e+00,2.63364524655032595e+00,1.51446718429231342e+00
3.50666666666666682e+00,6.14835555555555580e+00,2.64646556422943791e+00,1.52106684734873232e+00
3.52000000000000002e+00,6.19519999999999982e+00,2.65928954853261112e+00,1.52766701043811937e+00
3.53333333333333366e+00,6.24222222222222367e+00,2.67211716104544328e+00,1.53426766801147640e+00
3.54666666666666686e+00,6.28942222222222291e+00,2.68494836387763325e+00,1.54086881460120106e+00
3.56000000000000005e+00,6.33680000000000021e+00,2.69778311965426143e+00,1.54747044481960794e+00
3.57333333333333369e+00,6.38435555555555645e+00,2.71062139150723791e+00,1.55407255335747996e+00
3.58666666666666689e+00,6.43208888888888985e+00,2.72346314306691895e+00,1.56067513498265198e+00
3.60000000000000009e+00,6.48000000000000043e+00,2.73630833845388111e+00,1.56727818453862500e+00
3.61333333333333373e+00,6.52808888888888994e+00,2.74915694227085927e+00,1.57388169694321056e+00
3.62666666666666693e+00,6.57635555555555662e+00,2.76200891959483696e+00,1.58048566718720251e+00
3.64000000000000012e+00,6.62480000000000047e+00,2.77486423596928855e+00,1.58709009033307913e+00
3.65333333333333377e+00,6.67342222222222414e+00,2.78772285739657111e+00,1.59369496151372947e+00
3.66666666666666696e+00,6.72222222222222321e+00,2.80058475033046061e+00,1.60030027593120971e+00
3.68000000000000016e+00,6.77120000000000033e+00,2.81344988166882803e+00,1.60690602885552591e+00
3.69333333333333336e+00,6.82035555555555550e+00,2.82631821874646416e+00,1.61351221562343872e+00
3.70666666666666700e+00,6.86968888888889051e+00,2.83918972932802349e+00,1.62011883163729609e+00
3.72000000000000020e+00,6.91920000000000091e+00,2.85206438160111819e+00,1.62672587236388910e+00
3.73333333333333339e+00,6.96888888888888935e+00,2.86494214416953152e+00,1.63333333333333353e+00
3.74666666666666703e+00,7.01875555555555675e+00,2.87782298604656672e+00,1.63994121013797090e+00
3.76000000000000023e+00,7.06880000000000130e+00,2.89070687664850956e+00,1.64654949843129605e+00
3.77333333333333343e+00,7.11902222222222214e+00,2.90359378578822458e+00,1.65315819392690289e+00
3.78666666666666707e+00,7.16942222222222370e+00,2.91648368366886590e+00,1.65976729239745646e+00
3.80000000000000027e+00,7.22000000000000064e+00,2.92937654087770039e+00,1.66637678967368030e+00
3.81333333333333346e+00,7.27075555555555564e+00,2.94227232838005648e+00,1.67298668164336939e+00
3.82666666666666710e+00,7.32168888888889047e+00,2.95517101751337474e+00,1.67959696425042226e+00
3.84000000000000030e+00,7.37280000000000157e+00,2.96807257998136986e+00,1.68620763349388780e+00
3.85333333333333350e+00,7.42408888888888985e+00,2.98097698784830678e+00,1.69281868542703817e+00
3.86666666666666670e+00,7.47555555555555529e+00,2.99388421353337586e+00,1.69943011615645689e+00
3.88000000000000034e+00,7.52720000000000145e+00,3.00679422980516975e+00,1.70604192184114534e+00
3.89333333333333353e+00,7.57902222222222299e+00,3.01970700977626549e+00,1.71265409869164431e+00
3.90666666666666673e+00,7.63102222222222260e+00,3.03262252689790524e+00,1.71926664296918164e+00
3.92000000000000037e+00,7.68320000000000114e+00,3.04554075495476928e+00,1.72587955098482682e+00
3.93333333333333357e+00,7.73555555555555685e+00,3.05846166805984687e+00,1.73249281909866637e+00
3.94666666666666677e+00,7.78808888888888973e+00,3.07138524064940066e+00,1.73910644371899936e+00
3.96000000000000041e+00,7.84080000000000155e+00,3.08431144747802044e+00,1.74572042130154115e+00
3.97333333333333361e+00,7.89368888888888964e+00,3.09724026361376303e+00,1.75233474834864844e+00
3.98666666666666680e+00,7.94675555555555579e+00,3.11017166443338633e+00,1.75894942140855770e+00
4.00000000000000000e+00,8.00000000000000000e+00,3.12310562561766059e+00,1.76556443707463750e+00
