threshold_ratio,penetration,spread
1.00000000000000002e-02,4.60517018598809180e+00,2.78965962802381640e+00
1.01511242059547559e-02,4.59017082042032420e+00,2.81965835915935159e+00
1.03045322644720588e-02,4.57517145485255572e+00,2.84965709029488856e+00
1.04602586900924034e-02,4.56017208928478901e+00,2.87965582143042198e+00
1.06183385189545579e-02,4.54517272371702141e+00,2.90965455256595718e+00
1.07788073166781399e-02,4.53017335814925381e+00,2.93965328370149237e+00
1.09417011863653692e-02,4.51517399258148622e+00,2.96965201483702756e+00
1.11070567767237328e-02,4.50017462701371862e+00,2.99965074597256276e+00
1.12749112903114089e-02,4.48517526144595102e+00,3.02964947710809795e+00
1.14453024919072711e-02,4.47017589587818343e+00,3.05964820824363315e+00
1.16182687170074198e-02,4.45517653031041583e+00,3.08964693937916834e+00
1.17938488804500870e-02,4.44017716474264823e+00,3.11964567051470354e+00
1.19720824851709279e-02,4.42517779917488063e+00,3.14964440165023873e+00
1.21530096310905576e-02,4.41017843360711304e+00,3.17964313278577393e+00
1.23366710241364641e-02,4.39517906803934544e+00,3.20964186392130912e+00
1.25231079854012262e-02,4.38017970247157784e+00,3.23964059505684432e+00
1.27123624604391691e-02,4.36518033690381024e+00,3.26963932619237951e+00
1.29044770287034608e-02,4.35018097133604265e+00,3.29963805732791471e+00
1.30994949131258802e-02,4.33518160576827505e+00,3.32963678846344990e+00
1.32974599898413263e-02,4.32018224020050834e+00,3.35963551959898332e+00
1.34984167980593175e-02,4.30518287463274074e+00,3.38963425073451852e+00
1.37024105500846236e-02,4.29018350906497314e+00,3.41963298187005371e+00
1.39094871414893843e-02,4.27518414349720466e+00,3.44963171300559068e+00
1.41196931614389239e-02,4.26018477792943795e+00,3.47963044414112410e+00
1.43330759031736511e-02,4.24518541236167035e+00,3.50962917527665930e+00
1.45496833746492880e-02,4.23018604679390275e+00,3.53962790641219449e+00
1.47695643093379864e-02,4.21518668122613516e+00,3.56962663754772969e+00
1.49927681771926270e-02,4.20018731565836756e+00,3.59962536868326488e+00
1.52193451957768171e-02,4.18518795009059996e+00,3.62962409981880008e+00
1.54493463415631277e-02,4.17018858452283236e+00,3.65962283095433527e+00
1.56828233614020041e-02,4.15518921895506477e+00,3.68962156208987047e+00
1.59198287841640536e-02,4.14018985338729717e+00,3.71962029322540566e+00
1.61604159325582988e-02,4.12519048781952957e+00,3.74961902436094086e+00
1.64046389351289457e-02,4.11019112225176197e+00,3.77961775549647605e+00
1.66525527384335306e-02,4.09519175668399438e+00,3.80961648663201125e+00
1.69042131194050774e-02,4.08019239111622678e+00,3.83961521776754644e+00
1.71596766979010759e-02,4.06519302554845918e+00,3.86961394890308163e+00
1.74190009494421365e-02,4.05019365998069159e+00,3.89961268003861683e+00
1.76822442181430971e-02,4.03519429441292399e+00,3.92961141117415202e+00
1.79494657298395824e-02,4.02019492884515728e+00,3.95961014230968544e+00
1.82207256054129942e-02,4.00519556327738968e+00,3.98960887344522064e+00
1.84960848743167469e-02,3.99019619770962164e+00,4.01960760458075672e+00
1.87756054883070379e-02,3.97519683214185404e+00,4.04960633571629192e+00
1.90593503353810555e-02,3.96019746657408644e+00,4.07960506685182711e+00
1.93473832539258414e-02,3.94519810100631929e+00,4.10960379798736142e+00
1.96397690470810314e-02,3.93019873543855169e+00,4.13960252912289661e+00
1.99365734973185223e-02,3.91519936987078410e+00,4.16960126025843181e+00
2.02378633812426018e-02,3.90020000430301694e+00,4.19959999139396611e+00
2.05437064846137156e-02,3.88520063873524890e+00,4.22959872252950220e+00
2.08541716175991987e-02,3.87020127316748130e+00,4.25959745366503739e+00
2.11693286302545892e-02,3.85520190759971371e+00,4.28959618480057259e+00
2.14892484282388392e-02,3.84020254203194611e+00,4.31959491593610778e+00
2.18140029887670464e-02,3.82520317646417851e+00,4.34959364707164298e+00
2.21436653768042474e-02,3.81020381089641136e+00,4.37959237820717728e+00
2.24783097615039833e-02,3.79520444532864376e+00,4.40959110934271248e+00
2.28180114328952188e-02,3.78020507976087572e+00,4.43958984047824856e+00
2.31628468188214906e-02,3.76520571419310857e+00,4.46958857161378287e+00
2.35128935021360931e-02,3.75020634862534097e+00,4.49958730274931806e+00
2.38682302381570018e-02,3.73520698305757337e+00,4.52958603388485326e+00
2.42289369723856784e-02,3.72020761748980577e+00,4.55958476502038845e+00
2.45950948584936421e-02,3.70520825192203818e+00,4.58958349615592365e+00
2.49667862765808046e-02,3.69020888635427102e+00,4.61958222729145795e+00
2.53440948517098426e-02,3.67520952078650298e+00,4.64958095842699404e+00
2.57271054727205087e-02,3.66021015521873538e+00,4.67957968956252923e+00
2.61159043113284133e-02,3.64521078965096823e+00,4.70957842069806354e+00
2.65105788415124013e-02,3.63021142408320063e+00,4.73957715183359873e+00
2.69112178591948553e-02,3.61521205851543304e+00,4.76957588296913393e+00
2.73179115022194816e-02,3.60021269294766544e+00,4.79957461410466912e+00
2.77307512706310051e-02,3.58521332737989784e+00,4.82957334524020432e+00
2.81498300472612858e-02,3.57021396181213069e+00,4.85957207637573863e+00
2.85752421186266578e-02,3.55521459624436265e+00,4.88957080751127471e+00
2.90070831961408912e-02,3.54021523067659505e+00,4.91956953864680990e+00
2.94454504376489117e-02,3.52521586510882790e+00,4.94956826978234421e+00
2.98904424692858946e-02,3.51021649954106030e+00,4.97956700091787940e+00
3.03421594076666093e-02,3.49521713397329270e+00,5.00956573205341460e+00
3.08007028824102344e-02,3.48021776840552510e+00,5.03956446318894979e+00
3.12661760590054946e-02,3.46521840283775751e+00,5.06956319432448499e+00
3.17386836620213789e-02,3.45021903726998946e+00,5.09956192546002107e+00
3.22183319986685812e-02,3.43521967170222231e+00,5.12956065659555538e+00
3.27052289827171327e-02,3.42022030613445471e+00,5.15955938773109057e+00
3.31994841587752720e-02,3.40522094056668756e+00,5.18955811886662488e+00
3.37012087269355151e-02,3.39022157499891996e+00,5.21955685000216008e+00
3.42105155677928791e-02,3.37522220943115236e+00,5.24955558113769527e+00
3.47275192678414349e-02,3.36022284386338432e+00,5.27955431227323135e+00
3.52523361452545328e-02,3.34522347829561717e+00,5.30955304340876566e+00
3.57850842760547086e-02,3.33022411272784913e+00,5.33955177454430174e+00
3.63258835206789685e-02,3.31522474716008198e+00,5.36955050567983605e+00
3.68748555509457315e-02,3.30022538159231438e+00,5.39954923681537124e+00
3.74321238774290091e-02,3.28522601602454722e+00,5.42954796795090555e+00
3.79978138772466625e-02,3.27022665045677963e+00,5.45954669908644075e+00
3.85720528222682144e-02,3.25522728488901203e+00,5.48954543022197594e+00
3.91549699077492347e-02,3.24022791932124443e+00,5.51954416135751114e+00
3.97466962813983332e-02,3.22522855375347639e+00,5.54954289249304722e+00
4.03473650728834524e-02,3.21022918818570879e+00,5.57954162362858241e+00
4.09571114237840470e-02,3.19522982261794164e+00,5.60954035476411672e+00
4.15760725179960336e-02,3.18023045705017404e+00,5.63953908589965192e+00
4.22043876125959838e-02,3.16523109148240644e+00,5.66953781703518711e+00
4.28421980691719925e-02,3.15023172591463929e+00,5.69953654817072142e+00
4.34896473856279941e-02,3.13523236034687169e+00,5.72953527930625661e+00
4.41468812284685347e-02,3.12023299477910365e+00,5.75953401044179270e+00
4.48140474655716603e-02,3.10523362921133605e+00,5.78953274157732789e+00
4.54912961994569862e-02,3.09023426364356846e+00,5.81953147271286308e+00
4.61787798010565437e-02,3.07523489807580042e+00,5.84953020384839917e+00
4.68766529439959348e-02,3.06023553250803371e+00,5.87952893498393259e+00
4.75850726393937454e-02,3.04523616694026567e+00,5.90952766611946867e+00
4.83041982711864964e-02,3.03023680137249896e+00,5.93952639725500209e+00
4.90341916319879181e-02,3.01523743580473091e+00,5.96952512839053817e+00
4.97752169594896654e-02,3.00023807023696332e+00,5.99952385952607337e+00
5.05274409734125310e-02,2.98523870466919572e+00,6.02952259066160856e+00
5.12910329130158091e-02,2.97023933910142812e+00,6.05952132179714376e+00
5.20661645751736846e-02,2.95523997353366052e+00,6.08952005293267895e+00
5.28530103530269330e-02,2.94024060796589337e+00,6.11951878406821326e+00
5.36517472752189098e-02,2.92524124239812533e+00,6.14951751520374934e+00
5.44625550457241495e-02,2.91024187683035862e+00,6.17951624633928276e+00
5.52856160842793778e-02,2.89524251126259058e+00,6.20951497747481884e+00
5.61211155674250020e-02,2.88024314569482298e+00,6.23951370861035404e+00
5.69692414701672215e-02,2.86524378012705538e+00,6.26951243974588923e+00
5.78301846082696011e-02,2.85024441455928779e+00,6.29951117088142443e+00
5.87041386811837720e-02,2.83524504899152019e+00,6.32950990201695962e+00
5.95913003156289187e-02,2.82024568342375259e+00,6.35950863315249482e+00
6.04918691098300029e-02,2.80524631785598544e+00,6.38950736428802912e+00
6.14060476784241832e-02,2.79024695228821784e+00,6.41950609542356432e+00
6.23340416980463566e-02,2.77524758672045024e+00,6.44950482655909951e+00
6.32760599536031504e-02,2.76024822115268265e+00,6.47950355769463471e+00
6.42323143852465278e-02,2.74524885558491505e+00,6.50950228883016990e+00
6.52030201360571937e-02,2.73024949001714745e+00,6.53950101996570510e+00
6.61883956004485630e-02,2.71525012444937941e+00,6.56949975110124118e+00
6.71886624733022408e-02,2.70025075888161226e+00,6.59949848223677549e+00
6.82040457998462218e-02,2.68525139331384466e+00,6.62949721337231068e+00
6.92347740262865829e-02,2.67025202774607706e+00,6.65949594450784588e+00
7.02810790512045092e-02,2.65525266217830991e+00,6.68949467564338018e+00
7.13431962777301837e-02,2.64025329661054231e+00,6.71949340677891538e+00
7.24213646665048116e-02,2.62525393104277471e+00,6.74949213791445057e+00
7.35158267894433504e-02,2.61025456547500712e+00,6.77949086904998577e+00
7.46268288843095484e-02,2.59525519990723907e+00,6.80948960018552185e+00
7.57546209101158247e-02,2.58025583433947148e+00,6.83948833132105705e+00
7.68994566033602694e-02,2.56525646877170432e+00,6.86948706245659135e+00
7.80615935351137713e-02,2.55025710320393673e+00,6.89948579359212655e+00
7.92412931689694400e-02,2.53525773763616957e+00,6.92948452472766085e+00
8.04388209198682869e-02,2.52025837206840198e+00,6.95948325586319605e+00
8.16544462138134863e-02,2.50525900650063393e+00,6.98948198699873213e+00
8.28884425484872761e-02,2.49025964093286634e+00,7.01948071813426733e+00
8.41410875547839304e-02,2.47526027536509874e+00,7.04947944926980252e+00
8.54126630592725727e-02,2.46026090979733114e+00,7.07947818040533772e+00
8.67034551476039000e-02,2.44526154422956399e+00,7.10947691154087202e+00
8.80137542288754460e-02,2.43026217866179639e+00,7.13947564267640722e+00
8.93438551009689830e-02,2.41526281309402924e+00,7.16947437381194153e+00
9.06940570168760507e-02,2.40026344752626164e+00,7.19947310494747672e+00
9.20646637520251276e-02,2.38526408195849404e+00,7.22947183608301192e+00
9.34559836726267801e-02,2.37026471639072600e+00,7.25947056721854800e+00
9.48683298050514157e-02,2.35526535082295840e+00,7.28946929835408319e+00
9.63020199062556426e-02,2.34026598525519081e+00,7.31946802948961839e+00
9.77573765352728052e-02,2.32526661968742365e+00,7.34946676062515269e+00
9.92347271257841279e-02,2.31026725411965606e+00,7.37946549176068789e+00
1.00734404059786231e-01,2.29526788855188846e+00,7.40946422289622308e+00
1.02256744742372258e-01,2.28026852298412086e+00,7.43946295403175828e+00
1.03802091677643177e-01,2.26526915741635326e+00,7.46946168516729347e+00
1.05370792545765840e-01,2.25026979184858567e+00,7.49946041630282867e+00
1.06963200281196061e-01,2.23527042628081807e+00,7.52945914743836386e+00
1.08579673152083528e-01,2.22027106071305091e+00,7.55945787857389817e+00
1.10220574840877092e-01,2.20527169514528332e+00,7.58945660970943337e+00
1.11886274526147522e-01,2.19027232957751572e+00,7.61945534084496856e+00
1.13577146965647510e-01,2.17527296400974812e+00,7.64945407198050376e+00
1.15293572580626530e-01,2.16027359844198052e+00,7.67945280311603895e+00
1.17035937541419902e-01,2.14527423287421293e+00,7.70945153425157415e+00
1.18804633854331654e-01,2.13027486730644533e+00,7.73945026538710934e+00
1.20600059449829794e-01,2.11527550173867773e+00,7.76944899652264453e+00
1.22422618272074984e-01,2.10027613617091014e+00,7.79944772765817973e+00
1.24272720369801873e-01,2.08527677060314298e+00,7.82944645879371404e+00
1.26150781988574268e-01,2.07027740503537494e+00,7.85944518992925012e+00
1.28057225664433727e-01,2.05527803946760779e+00,7.88944392106478443e+00
1.29992480318964404e-01,2.04027867389983975e+00,7.91944265220032051e+00
1.31956981355793618e-01,2.02527930833207259e+00,7.94944138333585482e+00
1.33951170758551702e-01,2.01027994276430499e+00,7.97944011447139001e+00
1.35975497190311295e-01,1.99528057719653740e+00,8.00943884560692609e+00
1.38030416094530206e-01,1.98028121162876958e+00,8.03943757674246129e+00
1.40116389797519197e-01,1.96528184606100242e+00,8.06943630787799471e+00
1.42233887612458892e-01,1.95028248049323483e+00,8.09943503901352990e+00
1.44383385944987980e-01,1.93528311492546723e+00,8.12943377014906510e+00
1.46565368400387530e-01,1.92028374935769963e+00,8.15943250128460029e+00
1.48780325892384935e-01,1.90528438378993248e+00,8.18943123242013549e+00
1.51028756753602611e-01,1.89028501822216466e+00,8.21942996355567068e+00
1.53311166847674818e-01,1.87528565265439706e+00,8.24942869469120588e+00
1.55628069683060033e-01,1.86028628708662924e+00,8.27942742582674107e+00
1.57979986528572341e-01,1.84528692151886209e+00,8.30942615696227627e+00
1.60367446530659707e-01,1.83028755595109427e+00,8.33942488809781146e+00
1.62790986832453466e-01,1.81528819038332689e+00,8.36942361923334666e+00
1.65251152694618042e-01,1.80028882481555907e+00,8.39942235036888185e+00
1.67748497618026182e-01,1.78528945924779192e+00,8.42942108150441527e+00
1.70283583468288952e-01,1.77029009368002432e+00,8.45941981263995046e+00
1.72856980602166505e-01,1.75529072811225650e+00,8.48941854377548744e+00
1.75469267995890410e-01,1.74029136254448913e+00,8.51941727491102085e+00
1.78121033375424537e-01,1.72529199697672131e+00,8.54941600604655783e+00
1.80812873348694614e-01,1.71029263140895393e+00,8.57941473718209124e+00
1.83545393539816554e-01,1.69529326584118634e+00,8.60941346831762644e+00
1.86319208725352375e-01,1.68029390027341852e+00,8.63941219945316341e+00
1.89134942972626091e-01,1.66529453470565114e+00,8.66941093058869683e+00
1.91993229780129615e-01,1.65029516913788399e+00,8.69940966172423202e+00
1.94894712220050753e-01,1.63529580357011617e+00,8.72940839285976722e+00
1.97840043082954331e-01,1.62029643800234835e+00,8.75940712399530241e+00
2.00829885024650961e-01,1.60529707243458075e+00,8.78940585513083761e+00
2.03864910715284398e-01,1.59029770686681360e+00,8.81940458626637280e+00
2.06945802990672861e-01,1.57529834129904600e+00,8.84940331740190800e+00
2.10073255005936349e-01,1.56029897573127840e+00,8.87940204853744319e+00
2.13247970391446662e-01,1.54529961016351058e+00,8.90940077967297839e+00
2.16470663411133607e-01,1.53030024459574343e+00,8.93939951080851358e+00
2.19742059123184313e-01,1.51530087902797561e+00,8.96939824194404878e+00
2.23062893543169743e-01,1.50030151346020824e+00,8.99939697307958397e+00
2.26433913809637927e-01,1.48530214789244042e+00,9.02939570421511917e+00
2.29855878352208720e-01,1.47030278232467326e+00,9.05939443535065436e+00
2.33329557062209786e-01,1.45530341675690567e+00,9.08939316648618956e+00
2.36855731465889924e-01,1.44030405118913807e+00,9.11939189762172475e+00
2.40435194900251503e-01,1.42530468562137025e+00,9.14939062875725995e+00
2.44068752691539131e-01,1.41030532005360310e+00,9.17938935989279337e+00
2.47757222336426802e-01,1.39530595448583550e+00,9.20938809102832856e+00
2.51501433685941633e-01,1.38030658891806790e+00,9.23938682216386376e+00
2.55302229132168712e-01,1.36530722335030008e+00,9.26938555329940073e+00
2.59160463797776408e-01,1.35030785778253293e+00,9.29938428443493414e+00
2.63077005728406921e-01,1.33530849221476533e+00,9.32938301557046934e+00
2.67052736087972975e-01,1.32030912664699751e+00,9.35938174670600453e+00
2.71088549356906960e-01,1.30530976107922991e+00,9.38938047784153973e+00
2.75185353533405785e-01,1.29031039551146254e+00,9.41937920897707492e+00
2.79344070337717243e-01,1.27531102994369494e+00,9.44937794011261012e+00
2.83565635419512962e-01,1.26031166437592734e+00,9.47937667124814531e+00
2.87850998568395966e-01,1.24531229880815975e+00,9.50937540238368051e+00
2.92201123927589179e-01,1.23031293324039215e+00,9.53937413351921570e+00
2.96616990210853471e-01,1.21531356767262477e+00,9.56937286465475090e+00
3.01099590922683957e-01,1.20031420210485718e+00,9.59937159579028609e+00
3.05649934581833205e-01,1.18531483653708958e+00,9.62937032692582129e+00
3.10269044948213502e-01,1.17031547096932176e+00,9.65936905806135648e+00
3.14957961253227281e-01,1.15531610540155460e+00,9.68936778919688990e+00
3.19717738433579535e-01,1.14031673983378701e+00,9.71936652033242510e+00
3.24549447368622068e-01,1.12531737426601919e+00,9.74936525146796207e+00
3.29454175121285886e-01,1.11031800869825159e+00,9.77936398260349726e+00
3.34433025182654053e-01,1.09531864313048444e+00,9.80936271373903068e+00
3.39487117720231601e-01,1.08031927756271684e+00,9.83936144487456588e+00
3.44617589829965487e-01,1.06531991199494902e+00,9.86936017601010107e+00
3.49825595792075061e-01,1.05032054642718120e+00,9.89935890714563804e+00
3.55112307330747556e-01,1.03532118085941427e+00,9.92935763828117146e+00
3.60478913877759599e-01,1.02032181529164667e+00,9.95935636941670666e+00
3.65926622840080540e-01,1.00532244972387885e+00,9.98935510055224185e+00
3.71456659871521822e-01,9.90323084156111255e-01,1.00193538316877770e+01
3.77070269148490567e-01,9.75323718588344102e-01,1.00493525628233122e+01
3.82768713649911774e-01,9.60324353020576504e-01,1.00793512939588474e+01
3.88553275441378410e-01,9.45324987452808796e-01,1.01093500250943826e+01
3.94425255963598231e-01,9.30325621885040976e-01,1.01393487562299178e+01
4.00385976325198067e-01,9.15326256317273934e-01,1.01693474873654530e+01
4.06436777599954613e-01,9.00326890749506226e-01,1.01993462185009882e+01
4.12579021128514911e-01,8.85327525181738517e-01,1.02293449496365234e+01
4.18814088824678632e-01,8.70328159613970920e-01,1.02593436807720586e+01
4.25143383486307869e-01,8.55328794046203655e-01,1.02893424119075920e+01
4.31568329110936511e-01,8.40329428478435947e-01,1.03193411430431290e+01
4.38090371216147634e-01,8.25330062910668349e-01,1.03493398741786642e+01
4.44710977164794130e-01,8.10330697342900641e-01,1.03793386053141994e+01
4.51431636495133182e-01,7.95331331775133599e-01,1.04093373364497328e+01
4.58253861255951522e-01,7.80331966207365890e-01,1.04393360675852680e+01
4.65179186346752205e-01,7.65332600639598182e-01,1.04693347987208032e+01
4.72209169863085421e-01,7.50333235071830473e-01,1.04993335298563384e+01
4.79345393447096757e-01,7.35333869504062987e-01,1.05293322609918736e+01
4.86589462643372828e-01,7.20334503936295611e-01,1.05593309921274088e+01
4.93943007260165934e-01,7.05335138368527903e-01,1.05893297232629440e+01
5.01407681736075639e-01,6.90335772800760306e-01,1.06193284543984792e+01
5.08985165512273574e-01,6.75336407232992597e-01,1.06493271855340144e+01
5.16677163410352636e-01,6.60337041665225333e-01,1.06793259166695496e+01
5.24485406015887112e-01,6.45337676097457735e-01,1.07093246478050848e+01
5.32411650067788011e-01,6.30338310529690138e-01,1.07393233789406199e+01
5.40457678853543566e-01,6.15338944961922540e-01,1.07693221100761551e+01
5.48625302610432630e-01,6.00339579394155165e-01,1.07993208412116903e+01
5.56916358932801558e-01,5.85340213826387457e-01,1.08293195723472255e+01
5.65332713185494939e-01,5.70340848258619859e-01,1.08593183034827607e+01
5.73876258923535443e-01,5.55341482690852373e-01,1.08893170346182959e+01
5.82548918318145703e-01,5.40342117123085108e-01,1.09193157657538293e+01
5.91352642589208943e-01,5.25342751555317400e-01,1.09493144968893645e+01
6.00289412444263037e-01,5.10343385987549691e-01,1.09793132280248997e+01
6.09361238524131710e-01,4.95344020419781927e-01,1.10093119591604367e+01
6.18570161855288014e-01,4.80344654852014774e-01,1.10393106902959701e+01
6.27918254309056567e-01,4.65345289284247121e-01,1.10693094214315053e+01
6.37407619067751785e-01,4.50345923716479579e-01,1.10993081525670405e+01
6.47040391097864376e-01,4.35346558148711926e-01,1.11293068837025757e+01
6.56818737630395999e-01,4.20347192580944662e-01,1.11593056148381109e+01
6.66744858648455896e-01,4.05347827013177120e-01,1.11893043459736461e+01
6.76820987382222294e-01,3.90348461445409467e-01,1.12193030771091813e+01
6.87049390811387606e-01,3.75349095877641592e-01,1.12493018082447165e+01
6.97432370175194216e-01,3.60349730309874439e-01,1.12793005393802517e+01
7.07972261490181221e-01,3.45350364742106730e-01,1.13092992705157869e+01
7.18671436075750902e-01,3.30350999174339022e-01,1.13392980016513221e+01
7.29532301087682078e-01,3.15351633606571535e-01,1.13692967327868573e+01
7.40557300059703882e-01,3.00352268038804326e-01,1.13992954639223907e+01
7.51748913453256007e-01,2.85352902471036618e-01,1.14292941950579277e+01
7.63109659215553404e-01,2.70353536903269021e-01,1.14592929261934628e+01
7.74642093346088911e-01,2.55354171335501368e-01,1.14892916573289980e+01
7.86348810471694692e-01,2.40354805767733576e-01,1.15192903884645332e+01
7.98232444430294508e-01,2.25355440199966506e-01,1.15492891196000667e+01
8.10295668863479812e-01,2.10356074632198714e-01,1.15792878507356019e+01
8.22541197818036918e-01,1.95356709064431006e-01,1.16092865818711388e+01
8.34971786356569434e-01,1.80357343496663436e-01,1.16392853130066740e+01
8.47590231177345110e-01,1.65357977928896255e-01,1.16692840441422074e+01
8.60399371243513511e-01,1.50358612361128657e-01,1.16992827752777426e+01
8.73402088421828315e-01,1.35359246793360755e-01,1.17292815064132778e+01
8.86601308131025778e-01,1.20359881225593129e-01,1.17592802375488130e+01
9.00000000000000022e-01,1.05360515657826351e-01,1.17892789686843464e+01
