video_frame,video_seconds,density_frame,u,phase
0,0.0,0,0.0,initial
1,0.041666666666666664,0,0.0,initial
2,0.08333333333333333,1,0.025,post
3,0.125,1,0.025,post
4,0.16666666666666666,2,0.05,post
5,0.20833333333333334,2,0.05,post
6,0.25,3,0.075,post
7,0.2916666666666667,3,0.075,post
8,0.3333333333333333,4,0.1,post
9,0.375,5,0.125,post
10,0.4166666666666667,5,0.125,post
11,0.4583333333333333,6,0.15,post
12,0.5,6,0.15,post
13,0.5416666666666666,7,0.17500000000000002,post
14,0.5833333333333334,7,0.17500000000000002,post
15,0.625,8,0.2,post
16,0.6666666666666666,8,0.2,post
17,0.7083333333333334,9,0.225,post
18,0.75,10,0.25,post
19,0.7916666666666666,10,0.25,post
20,0.8333333333333334,11,0.275,post
21,0.875,11,0.275,post
22,0.9166666666666666,12,0.3,post
23,0.9583333333333334,12,0.3,post
24,1.0,13,0.325,post
25,1.0416666666666667,13,0.325,post
26,1.0833333333333333,14,0.35000000000000003,post
27,1.125,15,0.375,post
28,1.1666666666666667,15,0.375,post
29,1.2083333333333333,16,0.4,post
30,1.25,16,0.4,post
31,1.2916666666666667,17,0.425,post
32,1.3333333333333333,17,0.425,post
33,1.375,18,0.45,post
34,1.4166666666666667,18,0.45,post
35,1.4583333333333333,19,0.47500000000000003,post
36,1.5,20,0.5,post
37,1.5416666666666667,20,0.5,post
38,1.5833333333333333,21,0.525,post
39,1.625,21,0.525,post
40,1.6666666666666667,22,0.55,post
41,1.7083333333333333,22,0.55,post
42,1.75,23,0.5750000000000001,post
43,1.7916666666666667,23,0.5750000000000001,post
44,1.8333333333333333,24,0.6,post
45,1.875,25,0.625,post
46,1.9166666666666667,25,0.625,post
47,1.9583333333333333,26,0.65,post
48,2.0,26,0.65,post
49,2.0416666666666665,27,0.675,post
50,2.0833333333333335,27,0.675,post
51,2.125,28,0.7000000000000001,post
52,2.1666666666666665,28,0.7000000000000001,post
53,2.2083333333333335,29,0.725,post
54,2.25,30,0.75,post
55,2.2916666666666665,30,0.75,post
56,2.3333333333333335,31,0.775,post
57,2.375,31,0.775,post
58,2.4166666666666665,32,0.8,post
59,2.4583333333333335,32,0.8,post
60,2.5,33,0.8250000000000001,post
61,2.5416666666666665,33,0.8250000000000001,post
62,2.5833333333333335,34,0.85,post
63,2.625,35,0.875,post
64,2.6666666666666665,35,0.875,post
65,2.7083333333333335,36,0.9,post
66,2.75,36,0.9,post
67,2.7916666666666665,37,0.925,post
68,2.8333333333333335,37,0.925,post
69,2.875,38,0.9500000000000001,post
70,2.9166666666666665,38,0.9500000000000001,post
71,2.9583333333333335,40,1.0,pre
72,3.0,41,1.0,post
73,3.0416666666666665,41,1.0,post
74,3.0833333333333335,42,1.025,post
75,3.125,42,1.025,post
76,3.1666666666666665,43,1.05,post
77,3.2083333333333335,43,1.05,post
78,3.25,44,1.075,post
79,3.2916666666666665,44,1.075,post
80,3.3333333333333335,45,1.1,post
81,3.375,46,1.125,post
82,3.4166666666666665,46,1.125,post
83,3.4583333333333335,47,1.1500000000000001,post
84,3.5,47,1.1500000000000001,post
85,3.5416666666666665,48,1.175,post
86,3.5833333333333335,48,1.175,post
87,3.625,49,1.2,post
88,3.6666666666666665,49,1.2,post
89,3.7083333333333335,50,1.225,post
90,3.75,51,1.25,post
91,3.7916666666666665,51,1.25,post
92,3.8333333333333335,52,1.2750000000000001,post
93,3.875,52,1.2750000000000001,post
94,3.9166666666666665,53,1.3,post
95,3.9583333333333335,53,1.3,post
96,4.0,54,1.325,post
97,4.041666666666667,54,1.325,post
98,4.083333333333333,55,1.35,post
99,4.125,56,1.375,post
100,4.166666666666667,57,1.4000000000000001,pre
101,4.208333333333333,58,1.4000000000000001,post
102,4.25,58,1.4000000000000001,post
103,4.291666666666667,59,1.425,post
104,4.333333333333333,59,1.425,post
105,4.375,60,1.45,post
106,4.416666666666667,60,1.45,post
107,4.458333333333333,61,1.475,post
108,4.5,62,1.5,post
109,4.541666666666667,62,1.5,post
110,4.583333333333333,63,1.5250000000000001,post
111,4.625,63,1.5250000000000001,post
112,4.666666666666667,64,1.55,post
113,4.708333333333333,64,1.55,post
114,4.75,65,1.575,post
115,4.791666666666667,66,1.6,post
116,4.833333333333333,66,1.6,post
117,4.875,67,1.625,post
118,4.916666666666667,67,1.625,post
119,4.958333333333333,68,1.6500000000000001,post
120,5.0,68,1.6500000000000001,post
121,5.041666666666667,69,1.675,post
122,5.083333333333333,69,1.675,post
123,5.125,70,1.7,post
124,5.166666666666667,71,1.725,post
125,5.208333333333333,71,1.725,post
126,5.25,72,1.75,post
127,5.291666666666667,72,1.75,post
128,5.333333333333333,74,1.8,pre
129,5.375,75,1.8,post
130,5.416666666666667,75,1.8,post
131,5.458333333333333,75,1.8,post
132,5.5,76,1.825,post
133,5.541666666666667,77,1.85,post
134,5.583333333333333,77,1.85,post
135,5.625,78,1.875,post
136,5.666666666666667,78,1.875,post
137,5.708333333333333,79,1.9000000000000001,post
138,5.75,79,1.9000000000000001,post
139,5.791666666666667,80,1.925,post
140,5.833333333333333,80,1.925,post
141,5.875,81,1.95,post
142,5.916666666666667,82,1.975,post
143,5.958333333333333,82,1.975,post
144,6.0,83,2.0,post
145,6.041666666666667,83,2.0,post
146,6.083333333333333,84,2.025,post
147,6.125,84,2.025,post
148,6.166666666666667,85,2.05,post
149,6.208333333333333,85,2.05,post
150,6.25,86,2.075,post
151,6.291666666666667,87,2.1,post
152,6.333333333333333,87,2.1,post
153,6.375,88,2.125,post
154,6.416666666666667,88,2.125,post
155,6.458333333333333,89,2.15,post
156,6.5,89,2.15,post
157,6.541666666666667,91,2.2,pre
158,6.583333333333333,92,2.2,post
159,6.625,92,2.2,post
160,6.666666666666667,93,2.225,post
161,6.708333333333333,93,2.225,post
162,6.75,94,2.25,post
163,6.791666666666667,94,2.25,post
164,6.833333333333333,95,2.275,post
165,6.875,95,2.275,post
166,6.916666666666667,96,2.3000000000000003,post
167,6.958333333333333,96,2.3000000000000003,post
168,7.0,97,2.325,post
169,7.041666666666667,98,2.35,post
170,7.083333333333333,98,2.35,post
171,7.125,99,2.375,post
172,7.166666666666667,99,2.375,post
173,7.208333333333333,100,2.4,post
174,7.25,100,2.4,post
175,7.291666666666667,101,2.4250000000000003,post
176,7.333333333333333,101,2.4250000000000003,post
177,7.375,102,2.45,post
178,7.416666666666667,103,2.475,post
179,7.458333333333333,103,2.475,post
180,7.5,104,2.5,post
181,7.541666666666667,104,2.5,post
182,7.583333333333333,105,2.525,post
183,7.625,105,2.525,post
184,7.666666666666667,106,2.5500000000000003,post
185,7.708333333333333,106,2.5500000000000003,post
186,7.75,108,2.6,pre
187,7.791666666666667,109,2.6,post
188,7.833333333333333,109,2.6,post
189,7.875,110,2.625,post
190,7.916666666666667,110,2.625,post
191,7.958333333333333,111,2.65,post
192,8.0,111,2.65,post
193,8.041666666666666,112,2.6750000000000003,post
194,8.083333333333334,112,2.6750000000000003,post
195,8.125,113,2.7,post
196,8.166666666666666,114,2.725,post
197,8.208333333333334,114,2.725,post
198,8.25,115,2.75,post
199,8.291666666666666,115,2.75,post
200,8.333333333333334,116,2.775,post
201,8.375,116,2.775,post
202,8.416666666666666,117,2.8000000000000003,post
203,8.458333333333334,117,2.8000000000000003,post
204,8.5,118,2.825,post
205,8.541666666666666,119,2.85,post
206,8.583333333333334,119,2.85,post
207,8.625,120,2.875,post
208,8.666666666666666,120,2.875,post
209,8.708333333333334,121,2.9,post
210,8.75,121,2.9,post
211,8.791666666666666,122,2.9250000000000003,post
212,8.833333333333334,122,2.9250000000000003,post
213,8.875,123,2.95,post
214,8.916666666666666,124,2.975,post
215,8.958333333333334,125,3.0,pre
216,9.0,126,3.0,post
217,9.041666666666666,126,3.0,post
218,9.083333333333334,127,3.025,post
219,9.125,127,3.025,post
220,9.166666666666666,128,3.0500000000000003,post
221,9.208333333333334,128,3.0500000000000003,post
222,9.25,129,3.075,post
223,9.291666666666666,130,3.1,post
224,9.333333333333334,130,3.1,post
225,9.375,131,3.125,post
226,9.416666666666666,131,3.125,post
227,9.458333333333334,132,3.15,post
228,9.5,132,3.15,post
229,9.541666666666666,133,3.1750000000000003,post
230,9.583333333333334,134,3.2,post
231,9.625,134,3.2,post
232,9.666666666666666,135,3.225,post
233,9.708333333333334,135,3.225,post
234,9.75,136,3.25,post
235,9.791666666666666,136,3.25,post
236,9.833333333333334,137,3.275,post
237,9.875,137,3.275,post
238,9.916666666666666,138,3.3000000000000003,post
239,9.958333333333334,139,3.325,post
240,10.0,139,3.325,post
241,10.041666666666666,140,3.35,post
242,10.083333333333334,140,3.35,post
243,10.125,141,3.375,post
244,10.166666666666666,141,3.375,post
245,10.208333333333334,142,3.4,post
246,10.25,142,3.4,post
247,10.291666666666666,143,3.4250000000000003,post
248,10.333333333333334,144,3.45,post
249,10.375,144,3.45,post
250,10.416666666666666,145,3.475,post
251,10.458333333333334,145,3.475,post
252,10.5,146,3.5,post
253,10.541666666666666,146,3.5,post
254,10.583333333333334,147,3.525,post
255,10.625,147,3.525,post
256,10.666666666666666,148,3.5500000000000003,post
257,10.708333333333334,149,3.575,post
258,10.75,149,3.575,post
259,10.791666666666666,150,3.6,post
260,10.833333333333334,150,3.6,post
261,10.875,151,3.625,post
262,10.916666666666666,151,3.625,post
263,10.958333333333334,152,3.65,post
264,11.0,152,3.65,post
265,11.041666666666666,153,3.6750000000000003,post
266,11.083333333333334,154,3.7,post
267,11.125,154,3.7,post
268,11.166666666666666,155,3.725,post
269,11.208333333333334,155,3.725,post
270,11.25,156,3.75,post
271,11.291666666666666,156,3.75,post
272,11.333333333333334,157,3.775,post
273,11.375,157,3.775,post
274,11.416666666666666,158,3.8000000000000003,post
275,11.458333333333334,159,3.825,post
276,11.5,159,3.825,post
277,11.541666666666666,160,3.85,post
278,11.583333333333334,160,3.85,post
279,11.625,161,3.875,post
280,11.666666666666666,161,3.875,post
281,11.708333333333334,162,3.9,post
282,11.75,162,3.9,post
283,11.791666666666666,163,3.9250000000000003,post
284,11.833333333333334,164,3.95,post
285,11.875,164,3.95,post
286,11.916666666666666,165,3.975,post
287,11.958333333333334,165,3.975,post
288,12.0,166,4.0,post
289,12.041666666666666,166,4.0,post
290,12.083333333333334,167,4.025,post
291,12.125,167,4.025,post
292,12.166666666666666,168,4.05,post
293,12.208333333333334,169,4.075,post
294,12.25,169,4.075,post
295,12.291666666666666,170,4.1,post
296,12.333333333333334,170,4.1,post
297,12.375,171,4.125,post
298,12.416666666666666,171,4.125,post
299,12.458333333333334,172,4.15,post
300,12.5,172,4.15,post
301,12.541666666666666,173,4.175,post
302,12.583333333333334,174,4.2,post
303,12.625,174,4.2,post
304,12.666666666666666,175,4.225,post
305,12.708333333333334,175,4.225,post
306,12.75,176,4.25,post
307,12.791666666666666,176,4.25,post
308,12.833333333333334,177,4.275,post
309,12.875,177,4.275,post
310,12.916666666666666,178,4.3,post
311,12.958333333333334,179,4.325,post
312,13.0,179,4.325,post
313,13.041666666666666,180,4.3500000000000005,post
314,13.083333333333334,180,4.3500000000000005,post
315,13.125,181,4.375,post
316,13.166666666666666,181,4.375,post
317,13.208333333333334,182,4.4,post
318,13.25,182,4.4,post
319,13.291666666666666,183,4.425,post
320,13.333333333333334,184,4.45,post
321,13.375,184,4.45,post
322,13.416666666666666,185,4.4750000000000005,post
323,13.458333333333334,185,4.4750000000000005,post
324,13.5,186,4.5,post
325,13.541666666666666,186,4.5,post
326,13.583333333333334,187,4.525,post
327,13.625,187,4.525,post
328,13.666666666666666,188,4.55,post
329,13.708333333333334,189,4.575,post
330,13.75,189,4.575,post
331,13.791666666666666,190,4.6000000000000005,post
332,13.833333333333334,190,4.6000000000000005,post
333,13.875,191,4.625,post
334,13.916666666666666,191,4.625,post
335,13.958333333333334,192,4.65,post
336,14.0,192,4.65,post
337,14.041666666666666,193,4.675,post
338,14.083333333333334,194,4.7,post
339,14.125,194,4.7,post
340,14.166666666666666,195,4.7250000000000005,post
341,14.208333333333334,195,4.7250000000000005,post
342,14.25,196,4.75,post
343,14.291666666666666,196,4.75,post
344,14.333333333333334,197,4.775,post
345,14.375,198,4.8,post
346,14.416666666666666,198,4.8,post
347,14.458333333333334,199,4.825,post
348,14.5,199,4.825,post
349,14.541666666666666,200,4.8500000000000005,post
350,14.583333333333334,200,4.8500000000000005,post
351,14.625,201,4.875,post
352,14.666666666666666,201,4.875,post
353,14.708333333333334,202,4.9,post
354,14.75,203,4.925,post
355,14.791666666666666,203,4.925,post
356,14.833333333333334,204,4.95,post
357,14.875,204,4.95,post
358,14.916666666666666,205,4.9750000000000005,post
359,14.958333333333334,205,4.9750000000000005,post
360,15.0,206,5.0,post
361,15.041666666666666,206,5.0,post
362,15.083333333333334,207,5.025,post
363,15.125,208,5.05,post
364,15.166666666666666,208,5.05,post
365,15.208333333333334,209,5.075,post
366,15.25,209,5.075,post
367,15.291666666666666,210,5.1000000000000005,post
368,15.333333333333334,210,5.1000000000000005,post
369,15.375,211,5.125,post
370,15.416666666666666,211,5.125,post
371,15.458333333333334,212,5.15,post
372,15.5,213,5.175,post
373,15.541666666666666,213,5.175,post
374,15.583333333333334,214,5.2,post
375,15.625,214,5.2,post
376,15.666666666666666,215,5.2250000000000005,post
377,15.708333333333334,215,5.2250000000000005,post
378,15.75,216,5.25,post
379,15.791666666666666,216,5.25,post
380,15.833333333333334,217,5.275,post
381,15.875,218,5.3,post
382,15.916666666666666,218,5.3,post
383,15.958333333333334,219,5.325,post
384,16.0,219,5.325,post
385,16.041666666666668,220,5.3500000000000005,post
386,16.083333333333332,220,5.3500000000000005,post
387,16.125,221,5.375,post
388,16.166666666666668,221,5.375,post
389,16.208333333333332,222,5.4,post
390,16.25,223,5.425,post
391,16.291666666666668,223,5.425,post
392,16.333333333333332,224,5.45,post
393,16.375,224,5.45,post
394,16.416666666666668,225,5.4750000000000005,post
395,16.458333333333332,225,5.4750000000000005,post
396,16.5,226,5.5,post
397,16.541666666666668,226,5.5,post
398,16.583333333333332,227,5.525,post
399,16.625,228,5.55,post
400,16.666666666666668,228,5.55,post
401,16.708333333333332,229,5.575,post
402,16.75,229,5.575,post
403,16.791666666666668,230,5.6000000000000005,post
404,16.833333333333332,230,5.6000000000000005,post
405,16.875,231,5.625,post
406,16.916666666666668,231,5.625,post
407,16.958333333333332,232,5.65,post
408,17.0,233,5.675,post
409,17.041666666666668,233,5.675,post
410,17.083333333333332,234,5.7,post
411,17.125,234,5.7,post
412,17.166666666666668,235,5.7250000000000005,post
413,17.208333333333332,235,5.7250000000000005,post
414,17.25,236,5.75,post
415,17.291666666666668,236,5.75,post
416,17.333333333333332,237,5.775,post
417,17.375,238,5.8,post
418,17.416666666666668,238,5.8,post
419,17.458333333333332,239,5.825,post
420,17.5,239,5.825,post
421,17.541666666666668,240,5.8500000000000005,post
422,17.583333333333332,240,5.8500000000000005,post
423,17.625,241,5.875,post
424,17.666666666666668,241,5.875,post
425,17.708333333333332,242,5.9,post
426,17.75,243,5.925,post
427,17.791666666666668,243,5.925,post
428,17.833333333333332,244,5.95,post
429,17.875,244,5.95,post
430,17.916666666666668,245,5.9750000000000005,post
431,17.958333333333332,245,5.9750000000000005,post
432,18.0,246,6.0,post
433,18.041666666666668,246,6.0,post
434,18.083333333333332,247,6.025,post
435,18.125,248,6.05,post
436,18.166666666666668,248,6.05,post
437,18.208333333333332,249,6.075,post
438,18.25,249,6.075,post
439,18.291666666666668,250,6.1000000000000005,post
440,18.333333333333332,250,6.1000000000000005,post
441,18.375,251,6.125,post
442,18.416666666666668,251,6.125,post
443,18.458333333333332,252,6.15,post
444,18.5,253,6.175,post
445,18.541666666666668,253,6.175,post
446,18.583333333333332,254,6.2,post
447,18.625,254,6.2,post
448,18.666666666666668,255,6.2250000000000005,post
449,18.708333333333332,255,6.2250000000000005,post
450,18.75,256,6.25,post
451,18.791666666666668,256,6.25,post
452,18.833333333333332,257,6.275,post
453,18.875,258,6.3,post
454,18.916666666666668,258,6.3,post
455,18.958333333333332,259,6.325,post
456,19.0,259,6.325,post
457,19.041666666666668,260,6.3500000000000005,post
458,19.083333333333332,260,6.3500000000000005,post
459,19.125,261,6.375,post
460,19.166666666666668,262,6.4,post
461,19.208333333333332,262,6.4,post
462,19.25,263,6.425,post
463,19.291666666666668,263,6.425,post
464,19.333333333333332,264,6.45,post
465,19.375,264,6.45,post
466,19.416666666666668,265,6.4750000000000005,post
467,19.458333333333332,265,6.4750000000000005,post
468,19.5,266,6.5,post
469,19.541666666666668,267,6.525,post
470,19.583333333333332,267,6.525,post
471,19.625,268,6.55,post
472,19.666666666666668,268,6.55,post
473,19.708333333333332,269,6.575,post
474,19.75,269,6.575,post
475,19.791666666666668,270,6.6000000000000005,post
476,19.833333333333332,270,6.6000000000000005,post
477,19.875,271,6.625,post
478,19.916666666666668,272,6.65,post
479,19.958333333333332,272,6.65,post
480,20.0,273,6.675,post
481,20.041666666666668,273,6.675,post
482,20.083333333333332,274,6.7,post
483,20.125,274,6.7,post
484,20.166666666666668,275,6.7250000000000005,post
485,20.208333333333332,275,6.7250000000000005,post
486,20.25,276,6.75,post
487,20.291666666666668,277,6.775,post
488,20.333333333333332,277,6.775,post
489,20.375,278,6.8,post
490,20.416666666666668,278,6.8,post
491,20.458333333333332,279,6.825,post
492,20.5,279,6.825,post
493,20.541666666666668,280,6.8500000000000005,post
494,20.583333333333332,280,6.8500000000000005,post
495,20.625,281,6.875,post
496,20.666666666666668,282,6.9,post
497,20.708333333333332,282,6.9,post
498,20.75,283,6.925,post
499,20.791666666666668,283,6.925,post
500,20.833333333333332,284,6.95,post
501,20.875,284,6.95,post
502,20.916666666666668,285,6.9750000000000005,post
503,20.958333333333332,285,6.9750000000000005,post
504,21.0,286,7.0,post
505,21.041666666666668,287,7.025,post
506,21.083333333333332,287,7.025,post
507,21.125,288,7.05,post
508,21.166666666666668,288,7.05,post
509,21.208333333333332,289,7.075,post
510,21.25,289,7.075,post
511,21.291666666666668,290,7.1000000000000005,post
512,21.333333333333332,290,7.1000000000000005,post
513,21.375,291,7.125,post
514,21.416666666666668,292,7.15,post
515,21.458333333333332,292,7.15,post
516,21.5,293,7.175,post
517,21.541666666666668,293,7.175,post
518,21.583333333333332,294,7.2,post
519,21.625,294,7.2,post
520,21.666666666666668,295,7.2250000000000005,post
521,21.708333333333332,295,7.2250000000000005,post
522,21.75,296,7.25,post
523,21.791666666666668,297,7.275,post
524,21.833333333333332,297,7.275,post
525,21.875,298,7.3,post
526,21.916666666666668,298,7.3,post
527,21.958333333333332,299,7.325,post
528,22.0,299,7.325,post
529,22.041666666666668,300,7.3500000000000005,post
530,22.083333333333332,300,7.3500000000000005,post
531,22.125,301,7.375,post
532,22.166666666666668,302,7.4,post
533,22.208333333333332,302,7.4,post
534,22.25,303,7.425,post
535,22.291666666666668,303,7.425,post
536,22.333333333333332,304,7.45,post
537,22.375,304,7.45,post
538,22.416666666666668,305,7.4750000000000005,post
539,22.458333333333332,305,7.4750000000000005,post
540,22.5,306,7.5,post
541,22.541666666666668,307,7.525,post
542,22.583333333333332,307,7.525,post
543,22.625,308,7.55,post
544,22.666666666666668,308,7.55,post
545,22.708333333333332,309,7.575,post
546,22.75,309,7.575,post
547,22.791666666666668,310,7.6000000000000005,post
548,22.833333333333332,310,7.6000000000000005,post
549,22.875,311,7.625,post
550,22.916666666666668,312,7.65,post
551,22.958333333333332,312,7.65,post
552,23.0,313,7.675,post
553,23.041666666666668,313,7.675,post
554,23.083333333333332,314,7.7,post
555,23.125,314,7.7,post
556,23.166666666666668,315,7.7250000000000005,post
557,23.208333333333332,315,7.7250000000000005,post
558,23.25,316,7.75,post
559,23.291666666666668,317,7.775,post
560,23.333333333333332,317,7.775,post
561,23.375,318,7.8,post
562,23.416666666666668,318,7.8,post
563,23.458333333333332,319,7.825,post
564,23.5,319,7.825,post
565,23.541666666666668,320,7.8500000000000005,post
566,23.583333333333332,320,7.8500000000000005,post
567,23.625,321,7.875,post
568,23.666666666666668,322,7.9,post
569,23.708333333333332,322,7.9,post
570,23.75,323,7.925,post
571,23.791666666666668,323,7.925,post
572,23.833333333333332,324,7.95,post
573,23.875,324,7.95,post
574,23.916666666666668,325,7.9750000000000005,post
575,23.958333333333332,326,8.0,post
